first_name,last_name
Jessica,Lee
Mark,Taylor
Emily,Davis
William,Nguyen
Sarah,King
Emily,Lopez
Charles,Wilson
Daniel,Allen
Linda,Brown
James,Hill
Emily,Flores
Charles,Hernandez
Sandra,Harris
Christopher,King
Joshua,Jackson
Charles,Wilson
Sarah,Gonzalez
Linda,Lopez
Michael,Robinson
Sarah,Davis
Ashley,Rodriguez
James,Rodriguez
Mark,Harris
Donald,Rodriguez
Lisa,Wilson
Christopher,Robinson
David,Lopez
Donald,Hill
David,Thomas
Donald,Davis
Susan,Martinez
Matthew,Williams
Nancy,Perez
Steven,Torres
Nancy,Lopez
Joshua,Thompson
Patricia,Young
Joseph,Walker
David,Flores
Steven,King
Jennifer,Flores
Joseph,Wilson
Emily,Walker
Steven,Young
James,Moore
Daniel,Allen
Thomas,Taylor
Michelle,Rodriguez
Susan,Wilson
Michael,Perez
Elizabeth,Lee
Sandra,Walker
Sandra,Jackson
Matthew,Rodriguez
Charles,Davis
Mark,Wilson
Joshua,Thomas
Kimberly,White
John,Perez
Nancy,Martin
Donald,Torres
John,Hernandez
Richard,White
John,Lewis
Donna,Wright
Ashley,Young
William,Nguyen
Sandra,Johnson
Sarah,Johnson
Jennifer,Jones
Charles,Walker
Emily,White
Jennifer,Smith
Karen,Martinez
Anthony,Young
Patricia,Williams
Christopher,Gonzalez
Charles,Scott
Joseph,Perez
Linda,Young
Michelle,Wright
John,Young
Jennifer,Anderson
Andrew,Walker
Jessica,Thompson
Paul,Garcia
Linda,Davis
Christopher,Thompson
Robert,Lee
Donald,Torres
Mark,Martinez
Donna,Moore
Charles,Lopez
Donald,Lee
Steven,White
Charles,Hill
Michelle,Nguyen
Emily,Jones
Sandra,Rodriguez
Elizabeth,Thomas
Anthony,Young
Nancy,Williams
Anthony,Johnson
Patricia,Clark
Thomas,King
Paul,Perez
James,Martin
Charles,Garcia
James,Nguyen
Steven,Young
Linda,Nguyen
David,Johnson
Charles,Hernandez
Anthony,Jones
Michelle,Jones
Richard,Miller
Mark,Nguyen
Elizabeth,Young
Kimberly,Lewis
Barbara,Brown
Joseph,Wilson
Steven,Davis
Betty,Thomas
Andrew,Taylor
Sandra,Martin
Mark,Sanchez
Thomas,Miller
Joshua,Clark
John,Hill
Elizabeth,Martinez
Charles,Wilson
Lisa,Perez
David,Young
Thomas,Sanchez
Michelle,Jones
Linda,Harris
Joshua,Jones
Christopher,Nguyen
Donna,Jackson
Christopher,Thompson
John,Nguyen
Nancy,Jackson
Jessica,King
Charles,Ramirez
Lisa,Lopez
Mark,Young
Karen,Gonzalez
Nancy,Garcia
Charles,Williams
Karen,Martin
Margaret,Walker
Paul,Harris
James,Perez
Elizabeth,Garcia
Mary,Anderson
Christopher,Davis
Karen,Williams
Nancy,Robinson
Patricia,Hernandez
Daniel,Moore
Linda,Scott
Donna,Anderson
Robert,Miller
Joseph,Harris
Patricia,Harris
Paul,Hernandez
John,Lee
Richard,Thompson
Donald,Young
Betty,Johnson
Linda,Lee
Anthony,Harris
Karen,Martin
Barbara,Torres
Daniel,Wilson
Patricia,Allen
Jessica,Garcia
Mary,Taylor
Robert,Robinson
Robert,Lewis
Kimberly,Smith
Anthony,Martin
Donna,Wilson
Robert,Taylor
Thomas,White
Ashley,Wilson
James,Sanchez
David,Johnson
David,Anderson
Michael,Wright
Elizabeth,Harris
Thomas,Taylor
Lisa,Johnson
Linda,Miller
Jessica,Moore
Charles,Walker
Andrew,Flores
Richard,Brown
Thomas,Taylor
Paul,Scott
Charles,Lewis
Thomas,Martin
Joseph,White
Kimberly,Thompson
Lisa,Lopez
Donald,Thomas
Jennifer,Perez
Karen,Thompson
Elizabeth,Allen
Ashley,Wright
Richard,Miller
Daniel,Hernandez
Donna,Martinez
Ashley,Walker
Mary,Lewis
Linda,White
Margaret,Lewis
Susan,Wright
Steven,White
Elizabeth,Thompson
Nancy,Anderson
Robert,Lopez
Anthony,Williams
Margaret,Anderson
Sarah,Davis
Mark,White
Paul,Torres
Susan,Young
Elizabeth,Lopez
Charles,Scott
Paul,Clark
Christopher,Rodriguez
Susan,Davis
Charles,Nguyen
Donna,Lewis
David,Sanchez
Betty,Thompson
Charles,Perez
Kimberly,Johnson
Margaret,Brown
William,Nguyen
Donna,Harris
Anthony,Walker
Daniel,Hernandez
Paul,Walker
Charles,Johnson
Sarah,Smith
John,Walker
Michael,Lopez
Linda,Lee
Richard,Williams
Mark,Clark
Nancy,Jackson
Daniel,King
Mary,Davis
John,Sanchez
Jennifer,Miller
Joshua,Hill
William,Moore
Donna,Thomas
Donna,Rodriguez
Jessica,Rodriguez
Paul,Johnson
John,Wilson
Jennifer,King
Barbara,Williams
Karen,Martin
Patricia,Gonzalez
Ashley,Gonzalez
Richard,Allen
Michelle,Williams
Betty,Lopez
Patricia,Lee
Betty,Lewis
Barbara,Martinez
Ashley,Hernandez
Donna,Miller
Donna,Lewis
Barbara,Williams
Jennifer,Johnson
William,Hernandez
James,Moore
Michelle,Martin
Richard,Robinson
Robert,Johnson
Lisa,Miller
Nancy,Flores
William,Clark
Michael,Wright
Charles,Robinson
Sandra,Rodriguez
John,Brown
Richard,Gonzalez
Richard,Garcia
Joseph,Robinson
William,Moore
Andrew,Clark
Christopher,Hill
Barbara,Sanchez
Susan,Scott
Elizabeth,Nguyen
Sarah,Wilson
William,Davis
Margaret,Sanchez
Andrew,Wright
Nancy,Hernandez
Paul,Lee
Mark,Johnson
Ashley,King
Donald,Lopez
Emily,Davis
Barbara,Wilson
Kimberly,Robinson
Kimberly,Young
James,Williams
James,Lee
Andrew,Harris
Margaret,Torres
William,Nguyen
Karen,Gonzalez
James,White
Joseph,Torres
Emily,Garcia
Patricia,Hill
Michael,Lopez
John,Hernandez
Linda,Taylor
Emily,Martin
Michael,Nguyen
John,Perez
Emily,Young
Daniel,Wright
John,Jackson
Daniel,Torres
Ashley,Williams
Matthew,Scott
David,Hernandez
Barbara,Wilson
Steven,Thompson
Charles,Garcia
Andrew,Martin
Robert,Lopez
Emily,Rodriguez
Patricia,Nguyen
Steven,Robinson
Betty,Harris
Andrew,Ramirez
Jessica,Ramirez
Mark,Ramirez
Joseph,Wilson
Joshua,Thompson
Daniel,Rodriguez
John,Flores
Jessica,Jackson
Daniel,Scott
Jessica,Miller
David,Anderson
Patricia,Miller
Patricia,Nguyen
Matthew,Sanchez
James,Jackson
Sandra,Moore
Linda,Scott
James,Perez
James,Hill
Sandra,Nguyen
Jennifer,Robinson
Charles,Walker
James,Lopez
Thomas,Torres
Joshua,White
Barbara,Flores
John,Martinez
James,White
Joshua,Lopez
Elizabeth,Williams
Emily,Wilson
Robert,Lopez
Robert,Williams
Sarah,Wright
Michelle,Thompson
Elizabeth,Gonzalez
Donna,Anderson
Daniel,Harris
Mary,Smith
Betty,Hill
Donald,Wright
Barbara,Thomas
Kimberly,Brown
Susan,Sanchez
Joseph,Brown
Karen,Lopez
Matthew,Martin
Michelle,Martin
Michael,Jones
Ashley,Martin
John,White
Lisa,Williams
Jennifer,Wilson
Sandra,Jones
Sandra,Garcia
Mary,Wright
Susan,Ramirez
Mary,Miller
Mark,Gonzalez
Betty,Walker
Mark,Scott
Karen,Williams
Andrew,Jones
Mark,Hill
Jessica,Lopez
Anthony,Perez
Emily,Lopez
Daniel,Clark
Jennifer,Anderson
Joshua,Flores
Jessica,Allen
Charles,Torres
Paul,Martin
Karen,Lee
Patricia,King
Joseph,Brown
Thomas,Lee
David,Brown
Karen,King
William,Scott
Susan,Flores
Robert,Smith
Michael,Lopez
Betty,Clark
Michael,Thompson
Andrew,Nguyen
Michael,White
Anthony,Anderson
Karen,Lopez
David,Martinez
Sandra,Garcia
Christopher,Walker
Mark,Rodriguez
Linda,Harris
Michelle,Rodriguez
Emily,Allen
Steven,Sanchez
James,Ramirez
Betty,Allen
Margaret,Martinez
William,Lewis
Joshua,Rodriguez
Jessica,Ramirez
Barbara,Flores
Joshua,Thompson
Elizabeth,Flores
Jennifer,Harris
David,Gonzalez
Susan,Scott
Richard,Jones
Sarah,Lee
Donald,Perez
Michael,Lee
Jessica,Martin
Joseph,Allen
Joshua,Torres
Michelle,Garcia
Emily,Lopez
Christopher,Young
Lisa,Robinson
Joshua,Gonzalez
Steven,Taylor
Joshua,Lee
Charles,Robinson
Kimberly,Harris
Steven,Wilson
Barbara,Thomas
Emily,King
Kimberly,King
Daniel,Lewis
Betty,Hernandez
Robert,Young
Jessica,Flores
Joshua,Anderson
William,Martin
Karen,Martin
Steven,Lopez
David,Harris
Mary,Moore
William,Johnson
Daniel,Jackson
Steven,Smith
Paul,Hernandez
David,Hernandez
Donna,Ramirez
Donald,Allen
Jennifer,Nguyen
John,Martin
Jennifer,Garcia
Ashley,Martinez
Nancy,Walker
Donna,Martin
Nancy,Martin
Margaret,Ramirez
Sandra,White
Lisa,Perez
Richard,Thomas
John,Young
David,Torres
Joseph,Smith
Patricia,Ramirez
Betty,Martinez
Susan,Johnson
Sarah,Young
Michelle,Hill
Jessica,Miller
Ashley,Lopez
Michael,White
Matthew,Flores
Karen,Young
Nancy,Anderson
Matthew,Brown
John,Perez
Paul,Wright
Mary,Jones
Richard,Perez
Michael,Perez
Karen,White
Betty,Sanchez
Daniel,Jackson
Patricia,Torres
Sandra,Young
Mark,Brown
Joseph,Smith
Donna,Perez
Nancy,Davis
William,Smith
David,Sanchez
Richard,Thomas
David,Torres
Susan,Allen
Elizabeth,Wilson
William,Wright
Betty,Taylor
Jessica,Scott
Sandra,Hill
Andrew,Davis
Nancy,Davis
Sarah,Sanchez
Joseph,Johnson
Kimberly,Anderson
Nancy,Perez
Kimberly,Thompson
Michelle,Jackson
Joshua,Young
Kimberly,Smith
Patricia,Young
Mary,Sanchez
Nancy,Ramirez
Mark,Hill
Matthew,Allen
Michelle,White
Kimberly,Miller
Christopher,Torres
Joshua,Clark
Christopher,Torres
Margaret,Martinez
Ashley,King
Sarah,Sanchez
Christopher,Thomas
David,Martin
Mark,Miller
Robert,Lopez
Jessica,Clark
Elizabeth,Scott
Margaret,Allen
Lisa,Smith
Karen,Nguyen
Paul,Moore
Susan,Williams
Lisa,Martin
Robert,Jackson
Michelle,Scott
Margaret,Clark
Charles,Taylor
William,Thompson
Linda,Martinez
Nancy,Anderson
Mary,Allen
Ashley,Allen
Ashley,Hill
Emily,Rodriguez
James,Williams
John,Thompson
Jessica,King
Michelle,Scott
Mark,Gonzalez
Betty,Thompson
Donald,Jones
Elizabeth,Clark
Betty,Brown
Mary,Davis
Emily,Thomas
Margaret,Harris
Ashley,Martin
Steven,Hill
Margaret,Ramirez
Donald,Walker
David,Wright
Mark,Allen
Lisa,Jackson
Paul,Thompson
Richard,Lewis
Sandra,Rodriguez
Sarah,Flores
Donna,Davis
Sandra,Allen
Daniel,Jones
Charles,Brown
Steven,Lopez
Patricia,Perez
Donna,Wright
Susan,Nguyen
Ashley,Moore
Barbara,Taylor
Paul,Davis
Paul,Harris
Sarah,Perez
Joseph,Clark
Charles,Hill
Michelle,Lopez
William,Sanchez
Nancy,Harris
Jennifer,Perez
William,Martinez
Jessica,Walker
Anthony,Nguyen
Richard,Rodriguez
Nancy,Jackson
Joseph,Taylor
Patricia,Ramirez
Charles,Lewis
James,Thomas
Matthew,Martinez
Robert,Johnson
Michael,Davis
Margaret,Garcia
Steven,Taylor
Emily,Hernandez
David,Allen
Nancy,Miller
Daniel,Martin
Daniel,Thompson
Barbara,Jones
Nancy,Martinez
Margaret,Torres
Joshua,Lopez
Steven,Robinson
Daniel,Smith
Daniel,Jackson
Emily,Clark
Nancy,Lewis
Thomas,Moore
Emily,Torres
Steven,Jones
Thomas,Davis
David,Allen
Michelle,Martin
Margaret,Williams
Jessica,Smith
Richard,Anderson
Mary,King
William,Harris
Andrew,White
Steven,Martinez
Jennifer,Allen
Daniel,Taylor
Richard,Garcia
Robert,Anderson
Sarah,Miller
Linda,Jones
Elizabeth,Lopez
Christopher,Jackson
Paul,Hill
John,Jones
Betty,Miller
Emily,Davis
Anthony,Ramirez
Matthew,Walker
Charles,Torres
Karen,Lee
Andrew,Smith
Matthew,Hill
John,Rodriguez
Mark,Johnson
Robert,Lee
Joshua,Miller
Michael,Walker
Elizabeth,Harris
Andrew,Nguyen
Andrew,Jackson
Nancy,Taylor
Nancy,Davis
Nancy,Williams
Margaret,Ramirez
Michael,White
Karen,Garcia
Susan,Thompson
Ashley,White
David,Davis
Michael,Rodriguez
Andrew,Miller
Sandra,Wilson
Karen,Wilson
Christopher,Harris
Barbara,Williams
Barbara,Lewis
Emily,Lewis
Susan,Garcia
James,Martinez
Thomas,Thompson
David,Thompson
Jennifer,Young
Susan,Walker
Susan,Lee
Michelle,Lee
David,Martin
Linda,Flores
Barbara,Lewis
Donald,Clark
Ashley,Wilson
William,Ramirez
Joshua,White
James,Gonzalez
Matthew,Jackson
Elizabeth,Hernandez
Mary,Moore
Donna,Young
Jessica,Wright
Mary,Thompson
William,Young
Matthew,Moore
Ashley,Flores
Donna,Miller
Sandra,Jones
Andrew,Sanchez
Jennifer,Martinez
Jessica,Lewis
Daniel,Johnson
William,Hill
Joshua,Wright
Donna,Jackson
Charles,Williams
Robert,Young
Steven,Perez
Linda,Miller
Lisa,White
Daniel,Miller
Andrew,Torres
Kimberly,Lopez
Linda,Walker
Margaret,Moore
Elizabeth,Thomas
Michael,Perez
Michael,King
Michael,Hernandez
Nancy,Nguyen
Paul,Johnson
Charles,Smith
Donald,Young
Karen,Jones
John,Jones
John,Young
Paul,Robinson
Matthew,Hill
Ashley,Brown
Jennifer,Torres
Lisa,Jones
David,Taylor
Mary,Wilson
Linda,Thomas
Charles,Clark
Thomas,Wilson
David,Clark
Richard,Rodriguez
Donna,Miller
Mary,Martinez
Mark,Martinez
Christopher,Wright
Patricia,Smith
Andrew,Torres
Elizabeth,Martin
Elizabeth,Garcia
Robert,Jones
Margaret,Jones
Elizabeth,Miller
John,Lopez
Barbara,Clark
Susan,Jones
Robert,Anderson
Ashley,Jackson
Joshua,Miller
Charles,Thompson
Susan,Allen
Mary,Scott
Richard,Clark
Jennifer,Lopez
James,Allen
Mary,Anderson
William,Martin
Patricia,Hill
John,Robinson
John,Thompson
Joseph,Robinson
Andrew,Miller
Richard,Anderson
Anthony,Johnson
John,Martinez
John,Gonzalez
Richard,Thompson
Susan,Taylor
Daniel,Miller
Susan,Scott
Charles,Hernandez
Richard,Hill
Anthony,Thomas
Lisa,Martinez
Mark,Sanchez
Mary,Thompson
Michelle,Flores
Lisa,Ramirez
Richard,Clark
William,Perez
Elizabeth,Hill
James,Young
Michael,Torres
Sarah,Perez
Susan,King
Kimberly,Flores
Mark,Johnson
Richard,Flores
Michael,Young
Joseph,Wilson
Joseph,Hernandez
James,Lee
Jessica,Harris
Elizabeth,Lopez
Robert,Moore
Kimberly,King
Steven,Brown
Susan,Martinez
Steven,Garcia
Lisa,Garcia
Thomas,Wright
Barbara,Torres
Robert,Johnson
Donald,Martinez
James,Flores
Thomas,Brown
Emily,Johnson
Mary,Thompson
Patricia,Scott
Barbara,Jackson
Elizabeth,Nguyen
John,Rodriguez
Andrew,King
Elizabeth,Garcia
Margaret,Allen
Matthew,Taylor
Andrew,Brown
John,Walker
Charles,Wright
Sandra,Wilson
Richard,Hernandez
Linda,Davis
Betty,Allen
Thomas,Johnson
Mary,Martin
Elizabeth,Allen
William,Wright
Richard,Jones
Donna,Jones
Emily,Smith
Lisa,Johnson
Anthony,Williams
Sandra,Harris
Paul,Wilson
Emily,Taylor
Donald,Robinson
Robert,Moore
Charles,Johnson
Linda,Jones
Karen,Anderson
Betty,Hill
Christopher,Scott
Ashley,Lewis
Nancy,Sanchez
Anthony,Martin
Michael,Clark
Lisa,Johnson
Sandra,Brown
Donald,Torres
John,Johnson
Joshua,Scott
Mark,Anderson
Charles,Davis
Linda,Walker
Patricia,Allen
Sandra,Hernandez
Elizabeth,Jones
Margaret,Flores
Emily,Jackson
John,Harris
Charles,Flores
Karen,Lewis
Thomas,Nguyen
Richard,Hill
Mark,Flores
Joshua,Robinson
Sandra,White
Kimberly,Thomas
Matthew,Sanchez
Emily,Taylor
John,Torres
Robert,Scott
Andrew,Nguyen
David,Wright
Margaret,Jackson
Donna,Martin
Jennifer,Wilson
Lisa,Flores
Michael,Miller
Mark,Garcia
Ashley,Sanchez
Steven,Torres
Nancy,Perez
John,Clark
Karen,Miller
Mary,Perez
John,White
John,Moore
Betty,Hernandez
Ashley,Young
Charles,Flores
John,Gonzalez
Donna,Nguyen
Linda,Young
Matthew,Hernandez
Robert,Williams
James,Jackson
Ashley,Davis
Sarah,Lopez
William,Smith
Anthony,Williams
Donald,Lewis
Betty,Gonzalez
Donald,Young
John,Moore
Karen,Martin
Michelle,Hill
Betty,Martin
Michelle,Clark
John,Wright
Barbara,Nguyen
Daniel,Clark
William,Thompson
Steven,Clark
Joseph,Gonzalez
Karen,Anderson
Karen,Davis
Richard,Hill
Christopher,Anderson
William,Thompson
Karen,Scott
Mary,Scott
Nancy,Lee
Lisa,Hernandez
Charles,Martinez
Barbara,Allen
Donald,Torres
Michael,Thompson
Christopher,Robinson
Christopher,Scott
Jessica,Clark
Kimberly,Martinez
Mark,Jackson
Michael,Garcia
Lisa,Smith
Nancy,Sanchez
Emily,Williams
Kimberly,Williams
Mary,Scott
Mary,Lopez
Kimberly,Perez
Christopher,Miller
David,Sanchez
Michelle,Johnson
Emily,Harris
Robert,Hill
Anthony,Lewis
William,Brown
Joshua,Gonzalez
Lisa,Clark
John,Brown
Anthony,Young
Sandra,Ramirez
John,Jackson
James,White
Christopher,Wright
Mary,Miller
Jessica,Sanchez
William,Flores
Christopher,Thomas
Matthew,Thompson
Patricia,Lopez
Steven,Miller
Jessica,Torres
Anthony,Clark
Jennifer,Brown
Nancy,Williams
James,Jackson
Donald,Williams
Donald,Anderson
Christopher,Miller
Andrew,Gonzalez
Sarah,Torres
Daniel,Robinson
Andrew,Hernandez
Patricia,Ramirez
John,Garcia
Andrew,Moore
Mary,Martinez
Matthew,Wilson
Nancy,Harris
Margaret,Lee
Charles,Walker
Patricia,King
Margaret,Robinson
Charles,Garcia
John,Garcia
Kimberly,Garcia
John,Sanchez
Richard,Flores
Robert,Lewis
Susan,Flores
Donna,Johnson
Michelle,Brown
Sarah,Flores
Thomas,Lopez
Kimberly,Lee
Jennifer,Young
John,Thomas
Richard,Lewis
Donald,Gonzalez
Sarah,Torres
Barbara,Scott
Linda,Martinez
Robert,Johnson
Sarah,Garcia
Robert,Moore
James,Moore
Steven,Garcia
Emily,Walker
John,Scott
Linda,Nguyen
Kimberly,Nguyen
Margaret,Smith
Jessica,Flores
Karen,Flores
Ashley,Brown
Joseph,Thompson
Jennifer,Martin
Christopher,Thompson
Barbara,Garcia
Matthew,Flores
Jennifer,Johnson
Elizabeth,Lewis
Robert,Williams
Christopher,Allen
James,Hill
Jennifer,White
Ashley,Miller
James,Young
Kimberly,Hernandez
Mark,King
Sandra,Walker
Donna,Thomas
Margaret,Hill
Jessica,Sanchez
Paul,Rodriguez
Ashley,Walker
Lisa,Torres
Steven,Perez
Michael,Martinez
Sarah,Williams
Charles,King
Mark,Lee
Michelle,Hernandez
Andrew,Moore
Margaret,Lee
Emily,Anderson
Kimberly,Gonzalez
Mark,Johnson
Anthony,Lewis
Matthew,Robinson
Thomas,Williams
Robert,Scott
Susan,Davis
Elizabeth,King
Andrew,White
Donna,Smith
Joshua,Harris
Margaret,Williams
Charles,Ramirez
Matthew,Harris
David,Hill
Kimberly,Perez
Nancy,Smith
Michael,Walker
Betty,Lewis
Susan,Davis
Michelle,Moore
Karen,Flores
William,Harris
Steven,Lopez
Jessica,White
Sarah,Jones
Margaret,Harris
Charles,Young
Linda,Lopez
Susan,Ramirez
Sandra,Nguyen
Charles,Harris
Joshua,Jones
Elizabeth,Anderson
Thomas,Johnson
Donald,Thomas
Anthony,Jones
Kimberly,Anderson
Daniel,Robinson
William,Hill
Paul,Walker
Donna,Smith
Christopher,Miller
Anthony,Wright
Richard,White
Michelle,Martinez
Donna,Hernandez
Paul,Brown
Donna,Lewis
Lisa,Torres
Daniel,Clark
Andrew,Moore
Anthony,Scott
Andrew,Rodriguez
Sandra,Johnson
James,White
Kimberly,Robinson
Andrew,Wilson
Thomas,Garcia
Lisa,Garcia
Ashley,Davis
Joshua,White
Karen,Hill
Robert,Smith
Jessica,Flores
Linda,Hill
Joshua,Davis
Jennifer,White
Andrew,King
Emily,Brown
Thomas,Flores
Donald,Hill
Patricia,Sanchez
Lisa,Ramirez
Betty,Ramirez
Michelle,Smith
Lisa,Smith
Margaret,Thomas
Kimberly,Williams
Jennifer,Taylor
Ashley,Lopez
Margaret,Perez
Susan,Walker
Barbara,Davis
Christopher,Garcia
Daniel,Hill
Joshua,Wilson
Joseph,Jones
Mark,Thompson
Charles,Johnson
John,Davis
Thomas,King
John,Brown
Sandra,Flores
Donna,Harris
Donna,Lopez
Linda,Wilson
Thomas,Smith
Elizabeth,Lee
Thomas,Young
Jennifer,Ramirez
Donna,Martinez
Margaret,Martin
Lisa,Moore
Kimberly,Jackson
Donna,King
Margaret,Miller
Betty,Hill
Betty,Lewis
John,Wilson
Jessica,Garcia
Sarah,Anderson
Margaret,Johnson
Paul,Smith
James,Gonzalez
Robert,Lewis
Kimberly,Scott
Joseph,Thompson
Donald,Garcia
Susan,Gonzalez
David,Brown
Robert,King
Joshua,Allen
Elizabeth,White
Steven,Perez
James,Nguyen
Paul,Anderson
Barbara,Sanchez
Sandra,Johnson
Daniel,Davis
Margaret,King
Susan,Gonzalez
Sarah,Miller
Joseph,Perez
Sandra,Flores
Mary,Wright
Thomas,Clark
Michelle,Scott
Ashley,Wilson
William,Jackson
Betty,Robinson
Elizabeth,Jackson
Michael,Johnson
Margaret,Johnson
Lisa,Hill
Kimberly,Hill
Mark,Smith
Linda,Garcia
Steven,Anderson
Mark,Walker
Christopher,Harris
Matthew,Allen
Sandra,Hernandez
Thomas,Martin
Lisa,Thompson
Jennifer,Martin
Steven,Nguyen
Linda,Miller
Richard,Thompson
Margaret,Jones
Elizabeth,Perez
Mary,King
Christopher,Davis
Michelle,Nguyen
Barbara,Moore
Emily,Ramirez
Patricia,Thomas
Betty,Anderson
Ashley,Thompson
Patricia,Wilson
Karen,Ramirez
Daniel,Torres
Kimberly,Johnson
Karen,Clark
Jennifer,Johnson
Margaret,Flores
Karen,Hernandez
Nancy,Lopez
Andrew,Ramirez
Jessica,Hill
Joshua,Thomas
Patricia,White
David,Brown
David,Lee
Michael,Taylor
Ashley,Jackson
Michael,Robinson
Mary,Walker
Sandra,Jones
Karen,Harris
Nancy,Flores
Donna,Garcia
Paul,Sanchez
Matthew,Johnson
Joshua,Hernandez
Linda,Wilson
Michael,Thomas
Mark,White
Donna,Miller
Daniel,Lewis
Steven,Torres
Donna,Thomas
Jennifer,Harris
William,Ramirez
Susan,White
Sandra,Clark
Emily,Taylor
John,Thompson
Joshua,Torres
Susan,Lee
Donald,Thomas
David,Perez
Anthony,Miller
Sandra,Robinson
Donna,Garcia
Karen,Allen
Margaret,Thomas
Matthew,Taylor
Daniel,Miller
John,Robinson
Margaret,Nguyen
Joshua,Garcia
Lisa,Jones
Joshua,Young
Betty,Jackson
Daniel,Moore
Karen,Jackson
Anthony,Wright
Susan,Wilson
Elizabeth,Robinson
Karen,Scott
Margaret,Davis
William,Robinson
Barbara,Harris
Joshua,Garcia
James,Sanchez
Charles,Hill
Mary,Martinez
Susan,Taylor
Margaret,Wilson
Christopher,Clark
Joshua,Robinson
Christopher,Brown
Michael,Thompson
Thomas,King
Kimberly,Hill
Barbara,Allen
Andrew,Torres
James,Johnson
Mary,Lewis
Barbara,Nguyen
John,Thompson
Donald,Williams
Margaret,Hill
David,White
Mary,Gonzalez
Sarah,Anderson
Elizabeth,Martin
Ashley,Allen
Jessica,King
Patricia,Perez
John,Thompson
Anthony,Hernandez
Jennifer,Jones
Betty,Lewis
Charles,Williams
Richard,Wilson
Sarah,King
Susan,Ramirez
Michael,Rodriguez
David,Johnson
Betty,Harris
Robert,Taylor
Kimberly,Gonzalez
Nancy,Jackson
Lisa,Garcia
Barbara,Jackson
John,Martin
Betty,Moore
Jessica,Lee
Michelle,Taylor
Michelle,Thompson
Joseph,Sanchez
Joseph,Williams
Ashley,Wilson
Linda,Williams
Donna,Jones
Ashley,Wilson
Christopher,Allen
Richard,White
John,Lee
Margaret,Davis
Joseph,Wright
Michelle,Thomas
Karen,King
Jennifer,Williams
Michelle,Perez
Steven,Flores
Linda,Nguyen
Richard,Young
Karen,Gonzalez
Robert,Young
Steven,Allen
Michael,Rodriguez
Susan,Robinson
William,Miller
Karen,Robinson
Anthony,Hill
Betty,Brown
Sarah,Thomas
Linda,Perez
Joshua,Ramirez
Betty,Ramirez
Richard,Thomas
Steven,Johnson
Margaret,Hill
Sandra,Wilson
Sandra,Jones
Lisa,Sanchez
Nancy,Brown
Lisa,Anderson
Sandra,Gonzalez
Elizabeth,Torres
Daniel,Hill
Kimberly,Lopez
Sarah,Williams
Kimberly,Smith
Mary,Walker
William,Wright
Jessica,Brown
Donna,Hill
Donald,Scott
Margaret,Nguyen
Sandra,Hernandez
Daniel,Johnson
Charles,Walker
Margaret,Thomas
Richard,Anderson
Thomas,Anderson
Patricia,Smith
Emily,Smith
Charles,Davis
Paul,Thompson
Joseph,Wilson
Lisa,Smith
Linda,Gonzalez
William,Jones
Patricia,Sanchez
Margaret,Hernandez
Paul,Robinson
Michael,Moore
Charles,Clark
Lisa,Davis
Margaret,Taylor
Daniel,Davis
Jennifer,Clark
Steven,Sanchez
Mark,Moore
Anthony,White
John,Allen
Andrew,White
Joseph,Perez
Anthony,Perez
David,Lopez
David,Flores
Mary,Torres
Joseph,Williams
Barbara,Taylor
Donna,Miller
Kimberly,Robinson
Charles,Taylor
Lisa,King
Thomas,King
Anthony,Harris
Mark,Miller
Sandra,Martinez
William,Miller
James,Jones
Mark,Lewis
Charles,Robinson
Joshua,Martinez
Michael,Nguyen
Karen,Ramirez
David,Williams
William,Perez
Anthony,Johnson
Susan,Moore
Matthew,Robinson
Thomas,Jones
Jessica,Nguyen
Margaret,Garcia
Emily,Lewis
Charles,Davis
Paul,Robinson
Barbara,Rodriguez
Kimberly,Flores
Ashley,Thomas
Linda,Thomas
Matthew,Smith
Betty,Flores
Mary,Anderson
Robert,Hernandez
Donald,Johnson
John,Torres
Paul,Allen
Ashley,Hill
Robert,Clark
Emily,Hernandez
Andrew,Moore
David,Taylor
Matthew,Allen
Joseph,Torres
Sarah,Walker
Joshua,Nguyen
Anthony,Wilson
Lisa,Jackson
Donald,Williams
Jessica,Ramirez
Joshua,Lee
Michael,Lopez
William,Anderson
Mark,Moore
Elizabeth,Johnson
David,Brown
Joshua,Flores
Sarah,Sanchez
Susan,White
Susan,Perez
Anthony,Martin
Emily,Walker
Elizabeth,Jackson
Betty,Martin
Donna,Thompson
Jennifer,Smith
David,Williams
Betty,Rodriguez
Nancy,Wilson
Linda,Nguyen
Linda,Walker
Paul,Hernandez
Robert,Harris
David,Brown
Jessica,Allen
Susan,Young
James,Thompson
William,Jones
Michael,Anderson
Barbara,Smith
Daniel,Lewis
Joseph,Lee
Andrew,Scott
Thomas,Sanchez
Nancy,Perez
Linda,Wilson
Nancy,Moore
Karen,Martin
Donald,Brown
John,Robinson
Emily,Gonzalez
William,Young
William,Gonzalez
William,Anderson
Emily,Taylor
Donna,Williams
Donald,Miller
Elizabeth,Davis
Susan,Garcia
William,Thompson
David,Perez
James,Martin
Betty,Hernandez
Susan,White
Donna,Lewis
Michael,Brown
James,Miller
Lisa,Clark
Emily,Martin
Betty,Miller
Mary,Scott
Anthony,Jones
Richard,Thompson
Elizabeth,Flores
John,Williams
Betty,Taylor
Nancy,Robinson
Betty,Lee
Emily,Lee
Andrew,Jackson
Margaret,Scott
Richard,Wilson
Betty,Scott
Margaret,Wright
Mark,Wilson
Steven,Perez
Michelle,Lopez
Thomas,Young
Thomas,Ramirez
Elizabeth,Jones
Donna,Robinson
Linda,Garcia
Charles,Hill
Michael,Wilson
Steven,Sanchez
Betty,Harris
David,Scott
Richard,Wilson
Matthew,Taylor
Anthony,Wright
Charles,Harris
Jessica,Hernandez
Donald,Davis
Sandra,Nguyen
Linda,Allen
Thomas,Miller
Matthew,Hill
Paul,Thompson
James,Ramirez
Andrew,Torres
Daniel,Ramirez
Susan,Scott
Robert,Brown
Jennifer,Martin
Joseph,Robinson
Michael,Young
Richard,Smith
Joseph,Garcia
Ashley,Hill
Sandra,Moore
Susan,Rodriguez
Richard,Lewis
Linda,Hernandez
John,Hernandez
Christopher,Sanchez
Susan,Sanchez
Daniel,Allen
Mark,Thomas
Christopher,Rodriguez
Michelle,Gonzalez
David,Thompson
John,Smith
Daniel,Lewis
Michael,Gonzalez
Nancy,Martin
David,Thomas
Elizabeth,Sanchez
Mary,Martinez
Joseph,Harris
Kimberly,Wilson
Jessica,Martinez
Lisa,Martinez
Matthew,Nguyen
Sarah,Rodriguez
John,Clark
Donald,Perez
Emily,Flores
Betty,Brown
Margaret,Smith
Nancy,Garcia
Paul,Martin
Matthew,Perez
Margaret,Flores
Joseph,Perez
William,Hill
Matthew,Thompson
Kimberly,Flores
Margaret,Miller
Susan,Thomas
Matthew,Wright
Susan,Martinez
Jennifer,Flores
Susan,Lewis
Michelle,Scott
Mark,Walker
Steven,Garcia
Joseph,Rodriguez
William,Martin
Barbara,Harris
Anthony,Lopez
Paul,Lewis
Mark,Ramirez
Jennifer,Jackson
Michelle,Smith
David,Walker
Christopher,Allen
Barbara,Jackson
Margaret,Perez
Mark,Williams
Steven,Scott
William,Wright
Susan,Anderson
Betty,Clark
Karen,Jones
Joshua,Rodriguez
Nancy,Anderson
Mark,Walker
Betty,Martin
Steven,Allen
Linda,Smith
Paul,Scott
David,Perez
Donna,Wright
Thomas,Torres
Patricia,Robinson
Lisa,Lewis
Anthony,Lewis
John,Moore
Donald,White
Karen,Robinson
Jennifer,Young
Jessica,Garcia
Christopher,Flores
Patricia,Ramirez
Daniel,Williams
Jessica,Lewis
James,Johnson
William,Miller
Mary,Thompson
Sarah,Clark
John,Wilson
John,Davis
Linda,Anderson
Richard,Jackson
Karen,Ramirez
Joshua,Ramirez
Daniel,Ramirez
Christopher,Gonzalez
Donald,Flores
Sarah,Hill
Charles,Hernandez
Charles,Rodriguez
Lisa,Garcia
Nancy,Thompson
Sandra,Ramirez
John,Smith
Daniel,Anderson
Paul,Thompson
Andrew,Scott
Michael,Allen
John,Wilson
Barbara,Wright
Donna,Perez
Margaret,Brown
John,Davis
Margaret,Lewis
Betty,Anderson
Emily,Martin
Patricia,Wright
Christopher,Robinson
Emily,King
Mary,Martinez
Charles,Lee
Matthew,Walker
Mark,Allen
Charles,Scott
Patricia,Clark
Barbara,Rodriguez
Steven,Wilson
Susan,Gonzalez
Joshua,Anderson
Michael,Garcia
Nancy,Martinez
Daniel,Martin
Susan,Walker
Susan,Martinez
Daniel,Wilson
Karen,Harris
Emily,Walker
Lisa,Wilson
Emily,Flores
Joshua,King
Ashley,Lopez
Christopher,Miller
Mary,Perez
Karen,Lopez
Barbara,Brown
Kimberly,Hernandez
Robert,Walker
Susan,Thomas
Joseph,Taylor
Matthew,Davis
Susan,Nguyen
Nancy,Anderson
Jessica,Wilson
Mary,Martinez
David,Davis
William,Miller
Sandra,Brown
Donald,Lewis
Karen,Taylor
Linda,Moore
Charles,Anderson
Kimberly,Wilson
Christopher,Torres
Kimberly,Lewis
Barbara,Moore
Mary,Thompson
Donald,Smith
Patricia,Brown
Ashley,Gonzalez
Paul,Anderson
Paul,Lopez
Elizabeth,Jones
Betty,Anderson
James,Hill
Barbara,Jackson
Linda,Scott
Mark,Smith
Nancy,Miller
Jessica,Perez
Nancy,Clark
Sandra,Robinson
Jessica,Rodriguez
Emily,Rodriguez
Thomas,Thompson
Emily,Miller
Matthew,Perez
John,Wright
Karen,Jones
William,Robinson
Andrew,White
Thomas,Young
Michelle,Gonzalez
Charles,Young
Betty,Williams
Sarah,Allen
Paul,Thompson
Joseph,Walker
Donna,Wright
Andrew,Davis
Susan,Martinez
Margaret,Torres
Steven,Garcia
Lisa,Wright
Sarah,Lopez
Daniel,Martin
Sarah,Miller
Margaret,Walker
Daniel,Williams
Paul,Hill
Kimberly,Scott
Donald,Lewis
Karen,Jackson
Christopher,Harris
Paul,Thomas
Robert,Williams
Patricia,Flores
Sarah,Hernandez
Joseph,Garcia
Paul,Lopez
Margaret,Hernandez
Sarah,Walker
Jessica,Garcia
Patricia,Perez
Patricia,Harris
Anthony,Jackson
Thomas,Lewis
Michael,Thomas
Sandra,Martin
Richard,Clark
Paul,Wilson
Donna,Martin
Andrew,Brown
Steven,Williams
Karen,Brown
Paul,Jones
William,White
Daniel,Martinez
Sarah,Brown
Thomas,Hill
Michelle,Garcia
Elizabeth,Anderson
Matthew,Miller
Charles,Miller
Sarah,Thompson
Jennifer,Allen
William,Davis
Donna,Wright
Matthew,White
Donald,Lee
Donald,Lewis
Michelle,Johnson
Lisa,Taylor
Elizabeth,Thompson
Ashley,Martinez
David,Williams
Kimberly,Scott
Elizabeth,Wright
Robert,Brown
John,Martinez
Donna,Nguyen
John,Anderson
Michelle,Perez
Kimberly,Martin
Margaret,Garcia
Andrew,Young
Richard,Lewis
Barbara,Allen
James,Moore
David,Davis
Joshua,Walker
Kimberly,Smith
Emily,Perez
Mark,Young
Ashley,Martinez
Karen,Garcia
Lisa,Wilson
Steven,King
Anthony,Wright
James,Brown
John,Martinez
Patricia,Young
Charles,Wright
Sandra,Smith
Andrew,Moore
Susan,Nguyen
Kimberly,Nguyen
Kimberly,Rodriguez
Ashley,Flores
John,Martin
Mary,Davis
William,Clark
Mary,Young
Patricia,Brown
Patricia,Clark
Sarah,Anderson
Steven,Jones
Christopher,Davis
Richard,Anderson
Barbara,Allen
Joseph,Martinez
Barbara,Hernandez
Sarah,Smith
Nancy,Walker
Anthony,Smith
Mark,Moore
Andrew,Hernandez
Betty,Taylor
Robert,Scott
Matthew,Scott
Kimberly,Jones
Daniel,Moore
Andrew,Garcia
Michelle,White
Nancy,Garcia
Joseph,Torres
Emily,Nguyen
Kimberly,Allen
Michelle,Wright
Steven,Johnson
Charles,Harris
Nancy,White
Jessica,Scott
Susan,Robinson
Jessica,White
Sarah,Walker
Sarah,Jones
Emily,Young
Patricia,Moore
Jennifer,Williams
Christopher,Scott
Steven,Taylor
Patricia,Lopez
Jennifer,Thomas
Steven,Sanchez
Jessica,Williams
William,Ramirez
Margaret,Scott
Donald,Torres
Lisa,Robinson
Christopher,Martin
Linda,Gonzalez
Elizabeth,Ramirez
James,King
Donald,Torres
Mark,Garcia
William,Brown
Kimberly,Thomas
Elizabeth,Taylor
Linda,Nguyen
Robert,Miller
Sarah,Johnson
Lisa,Rodriguez
Lisa,Sanchez
Joseph,Ramirez
Mary,King
Sandra,King
Mary,Williams
Elizabeth,Martinez
Paul,Jones
Richard,Lee
Jennifer,Lewis
Patricia,Martin
Emily,Thompson
Susan,Moore
Michelle,Nguyen
Paul,Sanchez
Thomas,Martin
Donna,King
Mary,Scott
David,Wilson
Betty,Miller
Anthony,Martin
Joshua,Clark
Kimberly,Wilson
William,Wilson
Richard,Martinez
Matthew,Hill
Mark,Sanchez
Karen,Johnson
Anthony,Clark
Donald,White
Joseph,Harris
David,Robinson
Anthony,Smith
Michelle,Williams
Mary,Thomas
Patricia,Walker
Mark,Lee
Anthony,Wilson
Karen,Lopez
James,Johnson
Mary,Wright
Sarah,Thompson
Sandra,Gonzalez
Elizabeth,Thompson
Michelle,Williams
Barbara,Martin
David,Hernandez
Nancy,Rodriguez
Nancy,Clark
Mark,Robinson
Donna,Lee
Betty,Hill
David,White
Emily,Lopez
Charles,Lopez
Charles,Scott
Emily,Rodriguez
Emily,Jackson
Matthew,Young
Donald,Scott
Betty,Wilson
Nancy,Lee
Ashley,Moore
Michael,Garcia
Jennifer,Miller
Donna,Martinez
Emily,Wilson
Nancy,Thompson
Elizabeth,Miller
Joshua,Jones
Jennifer,Gonzalez
Jessica,Young
Andrew,Ramirez
Nancy,Lewis
Michelle,Johnson
Elizabeth,Smith
Jennifer,Scott
Paul,Moore
Charles,Miller
Matthew,Johnson
Donald,Thompson
Donna,Young
Michelle,Lopez
William,Lopez
Anthony,Perez
Linda,Ramirez
Elizabeth,White
Joshua,Allen
Karen,Thompson
Anthony,Martin
Christopher,Clark
Jennifer,Thomas
Sarah,Johnson
Sandra,Thomas
Matthew,Walker
Mark,Lopez
Elizabeth,Allen
Mark,Martin
Michelle,Taylor
William,Taylor
Richard,Hernandez
Steven,Allen
Sarah,Rodriguez
Donald,Sanchez
Linda,Torres
Joseph,Thomas
Joshua,Ramirez
Daniel,Harris
Joshua,Nguyen
Barbara,Perez
Donald,Wilson
John,King
Charles,Lopez
Richard,Allen
William,Torres
Linda,Taylor
Patricia,Miller
Sarah,White
Anthony,Robinson
Sarah,Miller
Charles,Davis
David,Williams
Thomas,Anderson
Lisa,Thomas
Richard,Johnson
Elizabeth,Young
Richard,Anderson
Lisa,Lopez
Joshua,Jones
Ashley,Taylor
Lisa,Smith
Steven,Perez
Mark,Anderson
Mark,Perez
John,White
Andrew,Rodriguez
Joseph,Gonzalez
Michelle,Perez
John,Garcia
Karen,Thomas
Paul,Wilson
Christopher,Scott
Ashley,Martin
Paul,Brown
James,Robinson
Steven,Walker
Ashley,White
Mary,Wilson
Steven,Martinez
John,Harris
Linda,Jones
Nancy,Harris
Linda,Davis
Andrew,Nguyen
Karen,Harris
Elizabeth,Lopez
Patricia,Hernandez
Patricia,Hernandez
Elizabeth,Flores
Sandra,Walker
Betty,Clark
Kimberly,Williams
James,Garcia
Sandra,Moore
Thomas,Wilson
Ashley,White
Andrew,Anderson
Joseph,Allen
Joseph,Smith
Elizabeth,Thompson
Elizabeth,Walker
Ashley,Nguyen
Linda,Harris
Donald,Smith
Mary,Lewis
Ashley,Jackson
Michael,Johnson
Ashley,Thompson
Donna,Jackson
Michael,Taylor
Anthony,Allen
Paul,Davis
Sarah,Thomas
Linda,Davis
Joseph,Hernandez
Linda,Martin
Emily,Smith
Richard,Gonzalez
Linda,Martin
Donald,Martin
Sandra,Anderson
Christopher,Jackson
Matthew,Harris
Michael,Hill
Susan,Martin
Michael,Brown
Jennifer,Torres
David,Martin
Daniel,Taylor
Sarah,Davis
Margaret,Ramirez
Richard,King
Betty,Sanchez
Barbara,Thompson
Michael,Scott
Mark,Martinez
Steven,Garcia
Lisa,Sanchez
Barbara,Brown
Karen,Harris
Thomas,Anderson
Daniel,Walker
Joseph,Rodriguez
Jennifer,Jones
Charles,Flores
Patricia,Hill
Sarah,Allen
Ashley,Jackson
Donna,Hill
Sandra,Robinson
Daniel,Jones
David,Thomas
Robert,Moore
Matthew,Thompson
John,Williams
Christopher,Clark
Ashley,Wright
Elizabeth,Clark
Margaret,Lee
Sandra,Jones
Thomas,Johnson
Emily,Walker
Christopher,Taylor
John,Anderson
Andrew,Hernandez
Sandra,Brown
Andrew,Williams
Andrew,Lee
Donald,Scott
Karen,Thompson
Matthew,Taylor
Richard,Davis
James,Sanchez
Charles,Thomas
Donald,Lewis
Mark,Williams
Karen,Perez
Betty,Johnson
Mark,Sanchez
Lisa,Davis
James,Rodriguez
Nancy,Nguyen
Michelle,Jackson
Michelle,Allen
Margaret,Harris
Mary,Hill
James,Harris
Betty,White
Thomas,Perez
Matthew,Garcia
Daniel,Wilson
Lisa,Jones
Steven,Nguyen
Andrew,Thomas
Donald,Wilson
John,Thompson
Michelle,Jones
Joshua,Ramirez
Nancy,Hill
Barbara,Hill
Michelle,Perez
Margaret,Hill
Daniel,Allen
Charles,Wilson
Anthony,Hill
Jennifer,Wright
Sarah,Torres
Sarah,Taylor
Michelle,Wilson
Lisa,Sanchez
Mary,Thompson
Daniel,Martinez
Michelle,Wright
Robert,Miller
Barbara,Taylor
Mark,Brown
Jennifer,King
Charles,Anderson
Robert,Clark
Mary,White
Patricia,Anderson
David,Smith
Patricia,Wright
Paul,Walker
Elizabeth,Lee
Betty,Wilson
Thomas,King
Donna,Hernandez
Karen,Clark
Donald,Scott
Barbara,Harris
Michael,Sanchez
Daniel,Lopez
Anthony,Hernandez
James,Robinson
Sarah,Walker
Ashley,Jones
Emily,Sanchez
Elizabeth,Ramirez
Susan,Walker
Barbara,Taylor
Charles,Anderson
Linda,Nguyen
Kimberly,Lopez
Mark,Robinson
Steven,Young
Christopher,Moore
Donald,Walker
Joseph,Martin
Andrew,Thompson
Nancy,Lee
Sandra,Williams
Susan,Wright
Betty,Hernandez
Betty,Hill
Barbara,Perez
Sandra,Torres
John,Young
Elizabeth,Thomas
Christopher,Allen
Donna,Nguyen
Paul,Clark
Karen,Hernandez
Emily,Lee
Nancy,Clark
Joseph,Lee
Sarah,Torres
John,Hernandez
Michael,Lewis
Karen,Wright
Michelle,Brown
Robert,Walker
Sandra,Moore
David,Wilson
Joseph,Lewis
Richard,Lewis
Andrew,Rodriguez
Joshua,Moore
Patricia,Ramirez
Donna,Martinez
Jessica,Martinez
Paul,Hernandez
David,Hill
Mark,Walker
Betty,Gonzalez
David,Torres
Steven,Robinson
Sarah,Young
Paul,Sanchez
Michelle,Sanchez
Steven,Flores
Donna,Flores
Sandra,Martin
Elizabeth,Young
William,Garcia
Anthony,Jackson
John,Davis
Emily,Williams
James,Lopez
Linda,Harris
Betty,King
Charles,Thomas
Mark,Jackson
Lisa,Garcia
Joshua,Johnson
Betty,Lee
Barbara,Hernandez
Thomas,Hill
Lisa,Lee
Andrew,Miller
Mark,Lee
Robert,Jones
Linda,Flores
Margaret,Rodriguez
Steven,Wright
James,Thompson
Susan,Perez
Anthony,Flores
Karen,Perez
Emily,Davis
Anthony,Martin
Richard,Williams
Mark,Thomas
Jessica,Miller
Emily,Wright
Patricia,Perez
Michelle,King
Sarah,Martin
Betty,Allen
Michelle,Miller
Mark,Lee
Sarah,Clark
Mary,Jones
Christopher,Flores
Patricia,King
Mark,White
Mary,Johnson
Emily,Hill
Christopher,Smith
Thomas,Lewis
Margaret,Hernandez
Lisa,Harris
John,Davis
Sandra,Wright
Charles,Rodriguez
Patricia,Lopez
John,Jackson
Joseph,Garcia
Anthony,Hill
Barbara,Moore
Susan,Hernandez
Joshua,Robinson
Kimberly,Smith
Robert,Lee
Ashley,Lee
Robert,Sanchez
Michael,Garcia
Christopher,White
Emily,Brown
Susan,Thompson
John,Ramirez
Donna,King
Sandra,Thompson
Sandra,Scott
Joseph,Hernandez
Ashley,Nguyen
Mark,Williams
Donna,Hernandez
Karen,Lee
Steven,Sanchez
Matthew,Allen
Betty,Jackson
Charles,King
Sarah,Moore
Kimberly,Taylor
Sarah,Harris
Barbara,Scott
Jessica,Gonzalez
Jennifer,Wilson
Mary,Perez
William,King
Karen,Sanchez
Anthony,Martin
Kimberly,Wilson
Daniel,Torres
David,Martinez
Nancy,Williams
Jennifer,Wilson
Betty,Garcia
Andrew,Moore
Sandra,Perez
Robert,Wilson
Robert,Moore
Mark,Nguyen
Patricia,Robinson
Lisa,Nguyen
Patricia,Lewis
Joshua,Hernandez
Michelle,Ramirez
Mary,Brown
Joseph,Smith
William,Young
David,Lee
Margaret,Martinez
Nancy,Davis
Andrew,Wilson
Charles,White
Nancy,Ramirez
Andrew,Moore
Robert,Miller
Matthew,Martin
Mark,Jones
Robert,Miller
Michael,Thompson
Robert,Lee
James,Robinson
Susan,Thomas
Joshua,Thompson
Mark,Robinson
Karen,Jackson
Emily,Nguyen
Betty,Lopez
Michelle,Hernandez
Jennifer,Lee
Sarah,Wilson
Anthony,Wilson
David,Clark
Elizabeth,Johnson
Michael,Miller
Michael,Lewis
Betty,Taylor
William,Robinson
William,Martinez
Joshua,Brown
Linda,Garcia
Emily,Clark
Susan,White
Anthony,Hernandez
Anthony,Lopez
John,Flores
Joshua,Thompson
Kimberly,Allen
Anthony,Jackson
John,Moore
Paul,Jones
Karen,Nguyen
Donna,Wright
Andrew,Walker
Donna,Wilson
Michael,Anderson
Thomas,Lee
Michelle,Torres
Ashley,Williams
Emily,Robinson
Christopher,Robinson
Elizabeth,Allen
Donna,Rodriguez
Andrew,Taylor
Lisa,Anderson
Sandra,Hernandez
David,Rodriguez
Sandra,Young
Sandra,Hernandez
Jennifer,Lee
Mark,Gonzalez
Patricia,Jackson
Steven,Lee
Sarah,Johnson
Margaret,Jackson
Charles,Young
Anthony,Miller
Sarah,King
Kimberly,Harris
Donna,Hernandez
Ashley,Jones
Joshua,Lewis
Elizabeth,Johnson
Patricia,Johnson
Anthony,Wright
John,Torres
Michelle,Jackson
Michelle,Moore
Mary,Miller
Charles,Williams
William,Thomas
Mark,King
Barbara,White
Sandra,Brown
Anthony,Lee
Charles,Wright
Betty,Sanchez
Steven,Clark
Margaret,Lee
Charles,Moore
Betty,Allen
Nancy,Young
Donald,Thomas
Jennifer,Davis
Donald,Thomas
Steven,Rodriguez
Betty,Martinez
David,Hill
Robert,Lewis
Christopher,Anderson
Kimberly,Sanchez
Betty,Thompson
Susan,Brown
Emily,Garcia
Patricia,Williams
Ashley,Torres
James,Clark
Barbara,Smith
Jennifer,Nguyen
Thomas,Anderson
Joshua,Thomas
Joseph,Sanchez
Donald,Scott
Emily,White
Jennifer,Brown
Ashley,Robinson
Susan,Brown
Richard,Allen
Mark,Taylor
Sandra,Allen
Richard,Gonzalez
Kimberly,Johnson
Betty,Scott
Robert,Williams
Matthew,Ramirez
Betty,Harris
Sarah,Thompson
Kimberly,Hernandez
Barbara,Lopez
Sarah,Williams
Michael,Davis
Jennifer,Nguyen
Daniel,Davis
Sarah,Lewis
Christopher,King
Emily,Moore
James,Lee
Michelle,Smith
Paul,Flores
Jessica,Nguyen
Ashley,Hernandez
Jennifer,Lee
Lisa,Davis
Charles,King
John,Lopez
Donald,Allen
Anthony,Wilson
Jennifer,Allen
Christopher,Gonzalez
Jennifer,Torres
Daniel,Lewis
Anthony,Brown
Christopher,Brown
Lisa,Hernandez
Paul,Perez
Sarah,Sanchez
Patricia,Brown
Jennifer,Jackson
Anthony,Wright
William,Hill
Mary,Hernandez
Thomas,Thomas
Mark,Thomas
Steven,Martin
Matthew,Smith
Mary,Young
Michael,Harris
Karen,Rodriguez
Barbara,Martin
Michelle,Garcia
Sandra,Jackson
Paul,King
Margaret,Perez
Joshua,Hill
Donald,Lopez
Charles,Brown
Lisa,Gonzalez
Linda,Lee
Steven,Clark
Anthony,Rodriguez
Margaret,Miller
Joshua,Jackson
Emily,Nguyen
Daniel,Rodriguez
Susan,Brown
Thomas,Nguyen
Andrew,Perez
Joshua,Brown
Elizabeth,Sanchez
David,Rodriguez
Michael,Smith
Richard,Walker
John,Lewis
Sarah,Ramirez
Linda,Scott
Donald,Flores
Paul,Harris
Jessica,Ramirez
Steven,Thomas
Christopher,Young
Ashley,Jackson
Daniel,Ramirez
Ashley,Wilson
Paul,Perez
Christopher,Walker
Betty,Young
Daniel,Torres
Emily,Perez
Kimberly,Smith
Richard,Lopez
Charles,Smith
Kimberly,Allen
Emily,Gonzalez
Matthew,Wilson
Karen,White
Donna,Williams
Jennifer,Robinson
Joshua,King
Mary,Perez
Matthew,Young
Karen,Wright
William,Ramirez
Barbara,Smith
Joshua,Taylor
Donald,Thomas
Daniel,White
Donna,Martin
Patricia,Nguyen
Matthew,Rodriguez
Margaret,Miller
Andrew,Davis
Barbara,Thompson
Betty,Gonzalez
Robert,Wright
Donna,Lopez
Sandra,Thompson
Joshua,Jackson
Michelle,Wright
Lisa,Allen
James,White
Anthony,Garcia
Christopher,Wilson
Elizabeth,Garcia
Emily,Brown
David,Martin
Linda,Nguyen
William,Hernandez
Mary,Harris
Karen,Allen
Daniel,Jones
Emily,Flores
Jennifer,Rodriguez
Karen,Johnson
Sarah,Smith
Emily,Miller
Charles,Allen
Patricia,Smith
Donna,Lee
Susan,Davis
Mark,Williams
Lisa,Jackson
Emily,Anderson
James,Wilson
Emily,Clark
Linda,Davis
Christopher,Martinez
Robert,Walker
Patricia,Walker
Karen,Anderson
Jessica,Gonzalez
Paul,Harris
William,Walker
Kimberly,Thomas
Sarah,Martinez
Mary,Torres
Donald,Nguyen
Thomas,Wright
Charles,Martin
Robert,Hernandez
Lisa,Torres
Patricia,Miller
Thomas,Davis
Charles,Clark
Donna,Young
Daniel,Rodriguez
William,Robinson
Karen,Martin
Mark,Wilson
Christopher,Thompson
Matthew,Young
Susan,Smith
Michael,Wright
Donna,Young
Michael,Brown
Nancy,Martin
Anthony,Lee
Donna,Clark
Jessica,Flores
Anthony,Nguyen
Donald,Allen
William,King
Ashley,Smith
Lisa,Jackson
Karen,Thomas
Andrew,Jones
Patricia,Allen
Karen,Ramirez
Richard,King
Anthony,Davis
Linda,Wilson
Anthony,Walker
Michelle,Lewis
Michael,Jones
Christopher,Lewis
Karen,Brown
Barbara,Moore
John,Brown
Lisa,White
Mark,Martinez
Elizabeth,Smith
Matthew,Clark
Michelle,Anderson
Steven,Clark
Barbara,Scott
John,Johnson
Kimberly,Walker
Donald,Davis
Mary,Gonzalez
Christopher,Davis
Sarah,Hill
Mary,Miller
Paul,Flores
Paul,Harris
Elizabeth,Sanchez
Mark,Rodriguez
Linda,Clark
Elizabeth,White
Thomas,Jackson
David,Rodriguez
Lisa,Wright
Sarah,Hill
Charles,Sanchez
Susan,Rodriguez
Paul,Clark
Michelle,Clark
Elizabeth,Walker
Joshua,Moore
Karen,Williams
Joseph,Scott
David,Martinez
Susan,Hill
Joshua,Anderson
Nancy,Johnson
Paul,Nguyen
Margaret,Nguyen
Thomas,Thompson
Margaret,King
Sarah,Robinson
John,Nguyen
Michael,Miller
Anthony,Rodriguez
Charles,Garcia
Thomas,Miller
Karen,Davis
Michelle,Walker
Susan,Hernandez
Jennifer,Perez
William,Moore
David,Jones
Margaret,Taylor
David,Jones
Sandra,Thomas
Christopher,Garcia
Barbara,Williams
Mark,Ramirez
Sarah,Gonzalez
Barbara,Garcia
Barbara,Hill
Steven,Garcia
Donna,Taylor
Donald,Lee
James,Martinez
Nancy,King
Joshua,Sanchez
Karen,White
Anthony,Hernandez
Linda,Davis
Elizabeth,Nguyen
Mary,Jackson
Paul,Johnson
Margaret,Scott
Charles,Thomas
Jennifer,Robinson
Emily,Taylor
Sandra,Ramirez
Sarah,Clark
Nancy,Torres
Lisa,Lopez
John,White
Christopher,Lewis
Daniel,Rodriguez
Nancy,Wilson
Richard,Scott
Donna,Brown
Elizabeth,Thomas
Donald,Davis
Patricia,White
Margaret,Anderson
Matthew,Brown
William,Lee
Anthony,Ramirez
Ashley,Martinez
Jessica,Harris
Michael,Moore
Mary,Rodriguez
Mary,Sanchez
Steven,Lee
Linda,Wright
Mary,Davis
Emily,Walker
Susan,Robinson
Donald,Perez
Donna,Harris
Ashley,Anderson
Margaret,Scott
Michelle,Ramirez
Michael,Flores
Sarah,Sanchez
Daniel,White
Thomas,Nguyen
Sandra,King
James,Ramirez
Paul,Thomas
Ashley,Rodriguez
Paul,Davis
Mary,Rodriguez
Joshua,Ramirez
Daniel,Torres
Richard,Moore
Sandra,Lewis
Barbara,Clark
John,Sanchez
William,Davis
William,Williams
Andrew,Miller
Steven,Lopez
Thomas,Williams
Anthony,Hill
Patricia,Garcia
Jennifer,Thompson
Robert,Jackson
Patricia,Anderson
Donald,Martinez
Mary,Jones
Daniel,King
Jessica,Brown
Daniel,White
Paul,Davis
Margaret,Garcia
Kimberly,White
John,Rodriguez
Michelle,Hill
Patricia,Martinez
Donna,Anderson
Kimberly,Johnson
James,Wright
Joseph,Harris
Ashley,Martinez
Betty,Martin
Robert,Lee
Linda,Williams
Karen,Wilson
Kimberly,Jones
Andrew,Wilson
Paul,Allen
Christopher,Thompson
Emily,Anderson
Steven,Thomas
Michael,Lopez
Susan,Allen
Richard,Lopez
John,Williams
Joseph,Hernandez
Sarah,Garcia
Thomas,King
Linda,Smith
Donna,Lee
James,Clark
Mary,Wilson
Richard,Jones
Patricia,Anderson
Michelle,Johnson
Ashley,Taylor
Daniel,Moore
Daniel,Walker
James,Davis
Steven,Thomas
Donald,Robinson
Andrew,Johnson
Susan,Martinez
Anthony,Jackson
Nancy,Walker
Michelle,Miller
Joseph,Jones
William,Miller
Michael,Davis
John,Robinson
Matthew,Smith
Patricia,Lewis
Jessica,Martin
Sandra,Garcia
Nancy,King
John,Moore
Ashley,Anderson
Barbara,Sanchez
Richard,Rodriguez
Susan,Gonzalez
Donald,Allen
Andrew,Sanchez
Karen,Smith
James,Walker
Charles,Moore
Mark,Flores
Barbara,Clark
Sarah,Thomas
Mark,Torres
Elizabeth,Perez
Susan,Young
Paul,Gonzalez
Barbara,Garcia
William,Nguyen
Linda,Nguyen
Patricia,Martin
Joseph,Ramirez
Nancy,Lewis
Sandra,Ramirez
James,Ramirez
Michelle,Martinez
Mark,Ramirez
Patricia,Anderson
Betty,Clark
Christopher,Jones
Lisa,Moore
Paul,Thomas
Betty,Perez
Emily,Young
Donna,Perez
Emily,Johnson
Michelle,Hernandez
Richard,Wright
Karen,Lopez
Thomas,Harris
Lisa,Smith
Susan,Lee
John,Walker
Robert,Ramirez
Mark,Lopez
Charles,Wright
Anthony,Miller
Sandra,Lopez
Patricia,King
Margaret,White
Sarah,Gonzalez
Kimberly,Jackson
Margaret,Lewis
Jennifer,Thomas
Ashley,Anderson
Margaret,Moore
Margaret,Torres
Betty,Rodriguez
Linda,Ramirez
Matthew,Thomas
Nancy,Scott
Robert,Clark
Linda,Thompson
Sandra,Anderson
Michelle,Lopez
Joshua,Martinez
Donna,Young
Jennifer,Perez
Lisa,White
Robert,Moore
Emily,King
James,Ramirez
Patricia,Ramirez
Sarah,Flores
Jennifer,Taylor
Anthony,Torres
Anthony,Davis
Richard,Ramirez
Ashley,Brown
Michelle,Moore
Joshua,Hill
Emily,Nguyen
Sandra,Moore
Kimberly,Garcia
Joshua,Jones
Christopher,Hernandez
Donna,Brown
Margaret,Davis
Mary,Flores
William,Taylor
Emily,Hernandez
Margaret,King
Matthew,Martin
Charles,Ramirez
Andrew,Walker
Elizabeth,Gonzalez
William,Allen
Steven,Lee
Paul,Harris
Sandra,King
Donald,Torres
William,Lewis
Barbara,Sanchez
Jessica,Wilson
Emily,King
Lisa,Martin
Karen,Hernandez
Thomas,Anderson
Karen,Ramirez
William,Anderson
William,Walker
Kimberly,Miller
Charles,Williams
Sandra,Allen
Patricia,Allen
John,Davis
Joshua,Martin
Steven,Lopez
Mark,Smith
Jennifer,Jackson
Robert,Martin
Anthony,Walker
Andrew,Gonzalez
David,Martinez
Kimberly,Sanchez
James,Martinez
Anthony,Nguyen
Patricia,Scott
Jessica,Taylor
Mary,Thompson
Jennifer,Moore
Sandra,Lewis
Christopher,King
Karen,Smith
Joseph,Nguyen
Sandra,Lee
Barbara,Lewis
Sandra,Moore
Steven,Walker
Sarah,Sanchez
Betty,Jackson
Patricia,Davis
Joseph,Hill
Karen,White
Daniel,Taylor
Karen,Garcia
Joshua,King
Mary,Lopez
Mary,White
Christopher,Garcia
Michelle,Rodriguez
Donald,Perez
Nancy,Thompson
Michelle,Williams
Christopher,Davis
Robert,Nguyen
Lisa,Sanchez
James,Rodriguez
Donald,Hernandez
Betty,Wright
Mary,King
Daniel,Harris
Barbara,Walker
Michael,Hernandez
Donald,Sanchez
Elizabeth,Nguyen
William,King
Jessica,Thompson
Barbara,Scott
Charles,Robinson
Charles,Rodriguez
Lisa,Harris
Christopher,Nguyen
Sarah,Anderson
Betty,Thomas
Daniel,Young
Donna,Clark
Andrew,Robinson
Lisa,Martinez
Ashley,Lewis
Patricia,Rodriguez
Jessica,Moore
Matthew,Allen
Kimberly,King
Sarah,Ramirez
Steven,Hernandez
Patricia,Jones
Sandra,Miller
Margaret,Martin
Karen,Thomas
William,Hernandez
Ashley,Harris
Steven,Sanchez
Steven,Brown
Matthew,Brown
Donna,Lopez
Joseph,Rodriguez
Mark,White
Betty,Young
Charles,Lee
Donald,Walker
Karen,Hill
Joseph,King
Daniel,Rodriguez
Sandra,Hill
Barbara,Williams
Thomas,Wright
Betty,Garcia
Karen,Martin
Charles,Ramirez
James,Flores
Matthew,Gonzalez
James,Martinez
Emily,King
Andrew,Wilson
William,Thompson
Emily,Robinson
Mary,Smith
Jennifer,Nguyen
Michael,Hill
Donald,Lee
Mary,Perez
John,Martin
Patricia,Walker
Patricia,Hernandez
Michelle,Lopez
Donald,Hernandez
Betty,Lewis
Daniel,Nguyen
Karen,Lewis
Linda,White
Matthew,Thompson
Sarah,Walker
Joseph,Sanchez
David,Miller
Margaret,Sanchez
Daniel,Johnson
Thomas,Gonzalez
Sarah,Sanchez
Andrew,Jackson
Sandra,Martin
Kimberly,Garcia
Andrew,Jackson
Paul,Scott
Michelle,Sanchez
Andrew,Nguyen
Ashley,Hill
Thomas,Martin
Barbara,Thompson
Robert,Davis
Christopher,Gonzalez
Nancy,Thomas
Andrew,Moore
Jessica,Taylor
John,Clark
Richard,Wilson
Patricia,White
Thomas,Martinez
Emily,Thomas
Jennifer,King
Karen,White
Christopher,Martin
Joshua,Jackson
Joseph,Lopez
Barbara,Lopez
Emily,Lopez
Michelle,Robinson
Richard,Martin
Ashley,Miller
Richard,Anderson
Sarah,Thompson
Andrew,Lopez
Sarah,Flores
Robert,Young
Lisa,Rodriguez
Mark,Garcia
David,Lopez
Patricia,Thompson
Charles,Nguyen
Karen,Hill
Michelle,Nguyen
Donald,Taylor
Sarah,Young
David,Thompson
Karen,Miller
Matthew,Williams
Jessica,Moore
John,Wilson
Anthony,Perez
Elizabeth,Williams
Lisa,Jones
Michelle,Moore
Christopher,Perez
Paul,Miller
Donna,Walker
Richard,Harris
Christopher,Martinez
Andrew,Thomas
Margaret,Nguyen
Michelle,Brown
Joseph,Martinez
Linda,Jones
Jennifer,Allen
Mary,Harris
Barbara,Clark
Paul,Perez
Lisa,Martin
Richard,Thomas
Sandra,Gonzalez
Richard,Clark
Charles,Martinez
Matthew,Smith
Jessica,Rodriguez
Donald,Garcia
Joseph,White
Steven,Jackson
Michael,Ramirez
Sandra,Wilson
Patricia,Taylor
Donald,Wilson
Kimberly,Anderson
Sarah,Jones
Michelle,Sanchez
Karen,Garcia
Margaret,White
Kimberly,Thompson
Andrew,Lee
Betty,Moore
Paul,Smith
Richard,Lopez
Michael,Thompson
Barbara,Clark
Donald,Scott
Kimberly,Allen
Joseph,Martin
Paul,Young
Margaret,Thompson
Ashley,Moore
Patricia,Martinez
Mary,Lewis
Steven,Hill
Paul,Williams
Michael,Hill
Linda,Flores
Kimberly,Lewis
Matthew,King
Jennifer,Perez
Joshua,White
Emily,Lopez
Andrew,Jackson
Susan,Taylor
Elizabeth,Anderson
Paul,Wright
Andrew,Lopez
William,Sanchez
Michael,Hernandez
Ashley,Jackson
Michelle,Hernandez
Michelle,Nguyen
Robert,Martin
Michael,Johnson
Margaret,Gonzalez
John,Clark
Donald,Martin
David,Brown
Andrew,Rodriguez
David,Lee
Betty,Perez
William,Young
Steven,Harris
Linda,Brown
Barbara,Thompson
Emily,Moore
James,Gonzalez
Donald,Clark
James,Wilson
Betty,Jackson
Jessica,Wilson
Charles,Scott
Christopher,Miller
Betty,Flores
Linda,Gonzalez
Mark,Thomas
Margaret,Hernandez
Charles,Smith
Michelle,Martin
Donald,Davis
Ashley,Lopez
Andrew,Lee
Michael,Anderson
Michelle,Nguyen
Christopher,Martinez
Mark,Torres
Jennifer,Taylor
Linda,Garcia
David,Wright
David,Smith
Christopher,Walker
Paul,Lewis
Matthew,Lopez
Daniel,Harris
David,Wilson
William,Garcia
Sarah,Clark
Barbara,Martin
John,Lopez
Anthony,Davis
Elizabeth,Perez
Jessica,Johnson
Jessica,Brown
Patricia,Hernandez
Margaret,Martin
Thomas,Sanchez
Ashley,Sanchez
Linda,Young
Anthony,Gonzalez
John,Thomas
Margaret,Wright
Michael,Rodriguez
Daniel,Martin
Jessica,Smith
Kimberly,White
Joseph,Thomas
William,Hill
Robert,Torres
Nancy,Lopez
Michelle,Lewis
Ashley,Allen
Mary,Garcia
Mark,Martinez
Anthony,Young
Michelle,Rodriguez
Anthony,Young
Kimberly,Jackson
Donald,Rodriguez
Andrew,Lewis
Daniel,Allen
Jennifer,Ramirez
Sarah,White
Christopher,Wright
Linda,Robinson
Thomas,Lopez
Christopher,Thomas
Andrew,Young
Thomas,Hill
Joseph,Johnson
Mary,Gonzalez
Patricia,Martinez
Jennifer,Lopez
Sandra,Lee
Robert,Lee
Michael,Sanchez
Jennifer,Thompson
Joseph,Hernandez
Steven,Brown
Betty,Thomas
Elizabeth,Ramirez
Andrew,Clark
Robert,Miller
Michelle,Jackson
Richard,Torres
Donald,Garcia
Sandra,Walker
Ashley,Nguyen
Kimberly,Thompson
Charles,Gonzalez
Jennifer,Anderson
Joseph,Moore
John,Jones
Thomas,White
Donna,Lee
Daniel,Martin
Andrew,Lewis
Sandra,Taylor
Christopher,Jones
Richard,Young
Sandra,Wilson
Michael,Clark
Patricia,Lewis
Daniel,Thomas
Joseph,Wright
Elizabeth,Wilson
Barbara,Anderson
Jessica,Rodriguez
Patricia,Robinson
Karen,Perez
Donald,Taylor
David,Brown
Thomas,Johnson
Lisa,White
Michelle,Clark
Jennifer,Lewis
Joseph,Martinez
Elizabeth,Lewis
John,Williams
Elizabeth,Lewis
Mark,Walker
John,Wilson
Michael,Lopez
Joshua,Wilson
Daniel,Gonzalez
Barbara,Nguyen
Mark,Moore
Joshua,Robinson
Patricia,Smith
Donna,Walker
Thomas,Hernandez
Joshua,Williams
Christopher,Lewis
Sarah,Wilson
Margaret,Jackson
Sarah,Lopez
Susan,Thomas
Robert,Robinson
Mark,Williams
Jennifer,Thompson
James,Rodriguez
Ashley,Wilson
Daniel,Scott
Karen,Wilson
Ashley,Brown
Susan,Young
John,Torres
Betty,Thompson
Charles,Rodriguez
James,Young
Elizabeth,Johnson
Steven,Clark
Emily,Flores
Emily,Harris
William,Young
Richard,Brown
Michael,Flores
Joshua,Smith
Jennifer,Jones
Margaret,Thompson
Susan,Lewis
Margaret,Thompson
Andrew,Jones
Steven,Allen
David,Clark
Sandra,Ramirez
Nancy,Garcia
Susan,Rodriguez
Donald,Moore
Jennifer,Jones
Susan,Flores
Joseph,King
Anthony,Garcia
Andrew,Robinson
John,Jackson
Richard,Sanchez
Jessica,Scott
Ashley,Allen
Michael,White
Nancy,Clark
Christopher,Wright
Betty,Brown
Robert,Martin
Joseph,King
Karen,Martin
Joseph,Smith
Karen,Johnson
Elizabeth,Anderson
Sandra,Rodriguez
Lisa,Thompson
Jessica,White
Steven,Nguyen
Sarah,Young
Kimberly,Lopez
Donna,Moore
Robert,Jackson
Patricia,Lee
Anthony,Clark
William,Moore
Betty,Williams
Thomas,White
Richard,Perez
Robert,Harris
Sandra,Johnson
Robert,Garcia
Karen,Smith
Daniel,Ramirez
Nancy,Lewis
Linda,Ramirez
Richard,Thompson
Michael,Nguyen
Barbara,Rodriguez
Betty,King
Nancy,Sanchez
David,Ramirez
Charles,Clark
Sandra,Anderson
Patricia,Scott
Linda,Martin
Mary,Taylor
Paul,Walker
Mary,Garcia
Elizabeth,Ramirez
Michael,Thompson
Thomas,Johnson
Anthony,Flores
Joseph,Lewis
Charles,White
David,Walker
Lisa,Perez
Mary,Garcia
Sandra,Flores
Robert,Harris
Donna,Scott
Matthew,Jones
Daniel,King
Betty,Young
Sarah,Walker
Donald,Williams
Emily,Martin
Michael,Hernandez
Michelle,Jones
Sarah,Thomas
Sarah,Ramirez
Robert,Jackson
William,White
William,Anderson
Paul,Allen
Joseph,Flores
Robert,Johnson
Kimberly,Jones
David,Williams
Michael,Rodriguez
Margaret,Jackson
Anthony,Miller
James,Scott
Robert,Johnson
Emily,Brown
Karen,Clark
Barbara,Thomas
Jennifer,Gonzalez
Donna,Young
Mark,Taylor
John,Scott
Joseph,Lopez
Matthew,Jackson
Michelle,Jackson
Linda,Gonzalez
Robert,Scott
John,Sanchez
Steven,Miller
Lisa,Harris
John,Jackson
Steven,Miller
Andrew,Perez
Christopher,Sanchez
Sandra,Thompson
Anthony,Anderson
Ashley,Allen
Patricia,Harris
Nancy,Nguyen
Susan,Lopez
Sarah,Clark
James,Johnson
Susan,Sanchez
Matthew,Williams
Christopher,Jackson
Anthony,Williams
Mary,Wright
David,Lopez
Anthony,Perez
Mary,Robinson
Christopher,Johnson
Sarah,Clark
Anthony,Perez
Lisa,Nguyen
Matthew,Walker
Matthew,White
John,Walker
Michelle,Miller
Barbara,Thomas
Karen,Wright
John,Jackson
Donald,Moore
Charles,Wilson
Sandra,Allen
Sarah,Brown
Sandra,Moore
Barbara,Miller
Michael,Allen
Christopher,Davis
Andrew,Hernandez
Anthony,Gonzalez
Mary,Martinez
Emily,White
Donna,Wright
James,Jackson
Richard,Allen
William,Smith
Sandra,Martin
Ashley,Gonzalez
David,Harris
John,Gonzalez
Betty,King
Elizabeth,Young
Mary,Flores
James,Moore
Robert,Scott
Steven,Thompson
William,Robinson
Emily,Young
Andrew,Hill
Donna,Moore
Ashley,Jones
Matthew,Wilson
Richard,Anderson
Ashley,Gonzalez
Michael,Clark
Barbara,King
Steven,Robinson
Michael,Moore
Paul,Brown
Mary,Garcia
Emily,King
Betty,Wilson
Matthew,Martinez
Emily,Flores
Patricia,Rodriguez
Patricia,Thomas
Sandra,Nguyen
Robert,Gonzalez
Donna,Clark
Elizabeth,Jones
Anthony,Lopez
Karen,Brown
Steven,King
Jennifer,Gonzalez
Michelle,Torres
Patricia,Taylor
Andrew,Rodriguez
Joseph,Taylor
David,Wright
Steven,Hernandez
Mark,Moore
Daniel,Garcia
Barbara,Davis
Mark,Davis
Barbara,Ramirez
Jessica,Walker
Barbara,Garcia
Charles,Perez
Joseph,Miller
Jennifer,Clark
Michael,Ramirez
Betty,Walker
Emily,Taylor
Anthony,Robinson
Barbara,Flores
Jessica,Johnson
John,Moore
Lisa,Walker
John,Walker
Patricia,Garcia
Barbara,Lee
Joseph,Allen
Andrew,Martin
James,Anderson
Lisa,Nguyen
Barbara,Scott
Nancy,Walker
David,Perez
Lisa,Flores
Betty,Martinez
Kimberly,Robinson
Michael,Allen
Matthew,Garcia
James,Thompson
Emily,Sanchez
Donna,Miller
William,King
Jennifer,Miller
John,Torres
James,Moore
Elizabeth,Clark
Jennifer,Moore
Michelle,Allen
Steven,Rodriguez
Andrew,Miller
Andrew,Torres
Andrew,Anderson
Nancy,Rodriguez
Joshua,Taylor
Jennifer,White
Barbara,White
Christopher,Williams
Michael,Davis
Patricia,Rodriguez
Barbara,Wilson
Thomas,Davis
Barbara,Martin
Donna,Moore
Paul,Williams
Richard,Brown
Matthew,Flores
Sandra,Lewis
Joshua,Clark
Linda,Lopez
Richard,Wilson
Linda,Clark
Jessica,Harris
Margaret,Lewis
Elizabeth,Thompson
Anthony,Jones
Margaret,Young
Steven,Anderson
Michael,Allen
Matthew,Thompson
Margaret,White
Barbara,Sanchez
Anthony,Ramirez
Linda,Torres
Paul,Wright
Christopher,Miller
Jennifer,Jackson
Jessica,Martin
Mary,Miller
Anthony,Jones
John,Gonzalez
Paul,Wilson
Linda,Walker
Christopher,Johnson
Karen,Scott
Sarah,Robinson
Steven,Martin
Michelle,Miller
Thomas,Hill
Betty,Torres
Mary,Sanchez
Steven,Rodriguez
James,Ramirez
Mark,Ramirez
Anthony,Robinson
Mary,Scott
Barbara,Torres
Sandra,Sanchez
Karen,Lopez
Paul,Johnson
Jennifer,Torres
Steven,Young
John,Perez
Robert,Allen
Michael,Hernandez
Patricia,Lee
Elizabeth,Taylor
Donald,Garcia
Anthony,Brown
Lisa,Scott
William,Wright
Thomas,Scott
Michael,Smith
Barbara,Gonzalez
Kimberly,Walker
Thomas,Hernandez
Lisa,Wilson
Robert,Gonzalez
John,Davis
Matthew,Lewis
Patricia,Williams
Kimberly,Moore
Paul,Gonzalez
Lisa,Wilson
Thomas,Martinez
Patricia,Lopez
William,Thompson
Margaret,Robinson
Nancy,Thompson
Jennifer,Torres
Emily,Sanchez
Joshua,Thompson
Karen,Davis
Joshua,Rodriguez
Ashley,Wilson
Linda,Flores
Donna,Wilson
Kimberly,Smith
Mary,Thomas
Jessica,Harris
Elizabeth,Lee
Linda,Young
Lisa,Scott
Daniel,Perez
Patricia,Wright
Margaret,Thompson
Ashley,Flores
Sarah,King
Mary,Thompson
Donna,Allen
Richard,Allen
Mary,White
Margaret,Scott
Margaret,Martinez
Thomas,Taylor
Susan,King
Betty,Rodriguez
Joseph,Lee
Karen,Lee
Sarah,King
Charles,Wilson
Thomas,Thomas
Karen,Martin
Daniel,Johnson
Nancy,Lewis
Charles,King
Richard,Perez
Elizabeth,Taylor
David,Jackson
Michael,Miller
Patricia,Smith
Joseph,Martin
Sandra,Anderson
Emily,Robinson
Betty,Garcia
Patricia,White
Patricia,Harris
Susan,Walker
Michelle,Harris
Joseph,Ramirez
Donald,Brown
Michelle,Garcia
Anthony,Gonzalez
David,Nguyen
Paul,Sanchez
Emily,Thomas
Margaret,Williams
Margaret,Nguyen
Mark,Moore
Charles,Perez
Elizabeth,Gonzalez
Sandra,Hernandez
Lisa,Martinez
David,Wright
Mary,Scott
Nancy,Robinson
Susan,Ramirez
John,Miller
Mark,Miller
Nancy,Thompson
Donna,Scott
Mary,Davis
Lisa,Davis
Nancy,Martin
Joshua,Ramirez
Daniel,Torres
Mary,Lewis
Michael,Martin
David,Walker
Susan,Brown
Sarah,King
Patricia,White
Joshua,Hernandez
Joshua,Jones
Paul,Wilson
Anthony,Harris
Lisa,Martin
Paul,Flores
Linda,Brown
Michael,Miller
Kimberly,Wright
Mary,Hill
Joseph,Hill
Jennifer,King
Matthew,Wilson
Daniel,Jones
Ashley,Williams
Nancy,Taylor
Donna,Williams
Michael,Torres
Mary,Walker
Mary,Garcia
Sandra,Thomas
Sandra,Ramirez
Nancy,Jones
Betty,Brown
Christopher,White
Nancy,Martin
Anthony,Martinez
Mary,Brown
Karen,Jackson
Susan,Hill
Susan,Gonzalez
Joseph,White
Sarah,Hill
Paul,Johnson
Mark,Sanchez
David,Jones
Elizabeth,White
Donna,Martin
Linda,Miller
Betty,Miller
Nancy,Walker
Sarah,White
Betty,Thomas
Nancy,Robinson
Kimberly,Martin
Matthew,King
Joseph,Sanchez
Jessica,Torres
Anthony,Moore
Paul,Robinson
Robert,Scott
Linda,Hill
Linda,Flores
Charles,Wright
Richard,Brown
Nancy,Lee
Margaret,Jackson
Susan,Johnson
Steven,Lewis
Richard,White
Daniel,Rodriguez
Jennifer,Brown
Jessica,Johnson
Barbara,Garcia
Charles,White
Kimberly,Miller
Elizabeth,Walker
Linda,Lopez
Richard,Young
Richard,Jackson
Karen,Hill
Kimberly,Moore
Michael,Harris
Thomas,Anderson
Joshua,Flores
Susan,Perez
Karen,Jackson
Daniel,Flores
Margaret,Jones
Karen,Lee
Joshua,Allen
Barbara,Johnson
Emily,Torres
Nancy,White
Christopher,Perez
Nancy,Ramirez
Donna,Brown
Linda,Rodriguez
Sarah,Martin
Mary,Brown
Susan,Johnson
Betty,Wright
Jennifer,Torres
Sarah,Gonzalez
Jennifer,Young
Joseph,Scott
Richard,Jackson
Jennifer,Martinez
Joseph,Thomas
Richard,Robinson
Margaret,Jackson
David,Lewis
Barbara,Ramirez
Susan,Moore
Sarah,Miller
Jessica,Smith
Mark,Walker
Thomas,Thomas
Michael,Perez
Michelle,Jackson
Andrew,Davis
Christopher,King
Barbara,Lewis
Matthew,Walker
Paul,Thomas
James,Gonzalez
Steven,Lopez
Daniel,Hernandez
Christopher,Lopez
Sarah,Flores
Daniel,Walker
David,Anderson
Christopher,Walker
David,Davis
Ashley,Thompson
John,Allen
Daniel,Scott
Michael,Thompson
William,Smith
John,Martinez
James,Williams
Patricia,Ramirez
Donna,Gonzalez
Emily,Jackson
Linda,Walker
Steven,Scott
Susan,Martinez
Jennifer,Perez
Michael,Lopez
Donna,Lee
James,Flores
James,Davis
Sarah,Lopez
Sandra,Sanchez
Sandra,Lee
Patricia,King
Charles,Williams
Jennifer,Harris
Mary,Taylor
Robert,Jackson
Steven,Smith
Elizabeth,Lee
Margaret,Davis
Charles,Lewis
David,Torres
John,Hill
Daniel,Moore
Jennifer,Allen
William,Sanchez
Nancy,Moore
Thomas,Garcia
Thomas,Gonzalez
Joshua,Garcia
Patricia,Harris
Steven,Garcia
Kimberly,Anderson
Daniel,White
James,Thompson
Mary,Williams
Donald,Clark
James,Walker
Nancy,Robinson
James,Brown
Steven,Lopez
Joseph,Allen
Jessica,Harris
Donna,Walker
Matthew,Robinson
Christopher,Thomas
Emily,Garcia
Matthew,Davis
Michelle,Lopez
Karen,Hernandez
Paul,Harris
Karen,Flores
Steven,Clark
Michael,Davis
William,Garcia
Kimberly,Miller
Sandra,Martin
Anthony,Garcia
Jessica,Hernandez
Robert,Wright
Nancy,Taylor
Daniel,Davis
Matthew,Rodriguez
Steven,Brown
Mary,Nguyen
Sandra,Anderson
Richard,Smith
Anthony,Wilson
Richard,Nguyen
Elizabeth,Rodriguez
Joseph,Johnson
Joseph,Torres
Susan,Jones
William,Hill
Joshua,Rodriguez
Karen,Miller
Steven,Martin
Paul,Rodriguez
Thomas,Lewis
Michelle,Lopez
Mark,Anderson
Donna,Young
Matthew,Ramirez
David,Thompson
Patricia,Thomas
Donna,Martin
Ashley,Wright
Paul,Brown
Elizabeth,Wright
John,Hill
Sarah,Sanchez
Nancy,Walker
Donna,Anderson
Sandra,Allen
Karen,Flores
Margaret,Sanchez
Elizabeth,King
Sandra,Taylor
Sandra,Taylor
Joshua,Hernandez
Donna,Nguyen
Michelle,Davis
Robert,Davis
Nancy,Lopez
Michelle,Scott
Emily,Davis
Emily,Miller
Kimberly,Allen
Daniel,Martinez
Mark,Johnson
Donna,Hill
Linda,Anderson
Paul,Davis
Nancy,Scott
Robert,Wright
Steven,Wilson
Lisa,Taylor
Charles,Williams
Sarah,Flores
Richard,Martin
Betty,Rodriguez
Jessica,Lopez
Susan,Martin
Matthew,King
Patricia,Harris
Matthew,Taylor
Barbara,Wilson
Robert,Brown
Lisa,Young
Michelle,Lewis
Emily,Garcia
Nancy,King
William,Clark
Michelle,Lee
Emily,Lopez
Betty,Martinez
Paul,Wright
Daniel,Johnson
William,Taylor
Kimberly,Anderson
Margaret,Miller
William,Miller
Lisa,Garcia
David,Hernandez
Paul,Hill
Jessica,Johnson
David,Torres
Betty,Moore
Charles,Torres
Donna,Walker
Charles,Lopez
Michael,Wilson
Margaret,Williams
Sandra,Jackson
Betty,Gonzalez
Charles,Sanchez
Barbara,Thompson
Mary,Johnson
Ashley,Williams
Robert,Lee
Richard,Johnson
Barbara,Lewis
Richard,Martin
Mark,Perez
Jennifer,Allen
Ashley,Smith
Susan,Lopez
William,Flores
Lisa,White
Linda,Jones
Paul,Jones
Paul,Harris
Christopher,Wright
Michael,Hill
Donna,Walker
Kimberly,Williams
John,Clark
Sandra,Ramirez
Elizabeth,Scott
Daniel,Smith
Mark,Davis
Donald,Martin
Patricia,Young
Jessica,Martinez
Emily,Gonzalez
Susan,Wright
James,Rodriguez
Sandra,Walker
Sarah,White
Sandra,Johnson
Joshua,Moore
Christopher,Walker
William,Hernandez
Mary,Rodriguez
Patricia,Thomas
Betty,Wilson
Jennifer,Nguyen
Daniel,Robinson
Jennifer,Nguyen
Daniel,Perez
Paul,Hernandez
Sandra,Perez
Elizabeth,Young
Joshua,Clark
Patricia,Brown
Joshua,Johnson
James,Thompson
Joshua,Flores
Michael,Martinez
Margaret,Taylor
Thomas,Flores
Sarah,Gonzalez
Charles,Young
Mark,Wilson
Linda,Anderson
Susan,Garcia
William,Lopez
Kimberly,Smith
Nancy,Perez
John,Hill
Susan,Miller
Donna,Torres
Lisa,Young
Mary,Ramirez
Matthew,Walker
James,Lopez
Betty,Torres
Andrew,Jones
William,Wilson
Anthony,Rodriguez
Mark,Wright
Karen,Rodriguez
Christopher,Brown
James,Ramirez
Daniel,Lewis
Richard,Gonzalez
Mark,Martin
Jennifer,Lee
Matthew,Wilson
David,Lopez
James,Lee
Ashley,Perez
David,Smith
Jennifer,Torres
Margaret,Brown
Sandra,Scott
Margaret,Robinson
Lisa,Smith
Ashley,Hernandez
Joseph,Perez
Nancy,Allen
Joshua,Clark
Anthony,Jackson
Nancy,Hernandez
Linda,White
Michael,Davis
Jessica,Davis
Margaret,Anderson
Jennifer,Lee
James,Robinson
Joseph,Lewis
Emily,Robinson
Andrew,Davis
Andrew,Thompson
Joshua,Lee
Linda,Lewis
Michelle,Flores
Michelle,Martin
Joseph,Thompson
Elizabeth,Robinson
Andrew,Brown
Jennifer,Perez
Ashley,Lewis
Emily,Harris
John,Smith
Ashley,Thompson
Jessica,Gonzalez
Ashley,Martin
Jessica,Moore
Nancy,Thomas
Daniel,Martin
Daniel,Harris
Joseph,Wilson
James,Robinson
Linda,Taylor
Richard,Smith
Jennifer,Ramirez
Paul,Hernandez
Sarah,Allen
Margaret,Williams
Joseph,Rodriguez
Christopher,Garcia
William,Moore
Margaret,Jones
Joseph,Miller
Donald,Smith
John,Wilson
Donna,Taylor
Betty,King
Steven,Gonzalez
James,Scott
Donna,Robinson
Robert,Davis
Sarah,Young
Steven,Hill
Andrew,Nguyen
Richard,Moore
Matthew,King
Emily,Wilson
Betty,Brown
Daniel,Flores
Karen,King
Robert,Moore
Joshua,Brown
Paul,King
Joseph,Martinez
Anthony,Lee
Sarah,Walker
Joshua,Clark
James,King
Elizabeth,Miller
Joshua,Ramirez
Linda,Hernandez
John,White
Sarah,Nguyen
Linda,Anderson
Jessica,Taylor
Karen,Thompson
Margaret,Rodriguez
Thomas,Ramirez
Mary,Hill
Margaret,Moore
Andrew,Ramirez
Anthony,Rodriguez
Elizabeth,Wilson
Patricia,Robinson
Patricia,Allen
Barbara,Harris
Karen,Hernandez
Jessica,Martin
David,Davis
Michelle,Moore
Jennifer,Smith
Elizabeth,Scott
Jennifer,Martin
Ashley,Martinez
Joshua,Thomas
Karen,Gonzalez
Betty,Thomas
Lisa,Martinez
Margaret,Taylor
Patricia,Clark
Sarah,Davis
Paul,Martinez
Emily,Scott
Robert,Harris
John,King
Elizabeth,Hernandez
Anthony,Ramirez
Andrew,Jackson
Thomas,Johnson
Steven,Flores
Robert,Taylor
Steven,Lee
Kimberly,Thompson
Donald,Hernandez
Thomas,Clark
Joshua,Lee
Mark,Thomas
William,Jones
Lisa,Jackson
Joshua,Lewis
Andrew,Ramirez
Paul,Jackson
Mark,Robinson
Kimberly,Scott
Jessica,King
Mary,Davis
Emily,Perez
Daniel,Garcia
Donna,Williams
Anthony,Johnson
Richard,Young
Linda,Garcia
James,Harris
Betty,Martinez
Michelle,King
James,Young
Mark,Moore
Margaret,Taylor
Robert,Moore
Linda,Rodriguez
Robert,Anderson
Jessica,Hill
Charles,Ramirez
Jessica,Brown
Patricia,King
Mary,Smith
Susan,Walker
Sarah,Jones
Donna,Hill
Joshua,Young
Patricia,Allen
Michelle,Wilson
Sarah,Lee
David,Rodriguez
William,Rodriguez
William,Anderson
Andrew,Ramirez
Anthony,Sanchez
Jennifer,Davis
Jessica,Robinson
Steven,Allen
Barbara,Torres
Betty,Lopez
Jennifer,Garcia
Joseph,Thomas
Michael,Allen
Robert,Lopez
Paul,Wright
Elizabeth,Martinez
Donald,Smith
Mark,Walker
Matthew,Rodriguez
Susan,Wright
David,Garcia
Susan,Nguyen
Michael,Allen
Nancy,Jones
Margaret,Thomas
Andrew,Jackson
Karen,Young
Jennifer,Smith
Michelle,Wilson
Ashley,Scott
Sarah,King
Mark,Garcia
Donald,Walker
Lisa,Nguyen
Karen,Thomas
Donna,Brown
Ashley,Sanchez
Thomas,Anderson
Elizabeth,Torres
Joshua,Moore
Michael,Smith
Daniel,Wright
Lisa,Taylor
Ashley,Smith
Donna,Lee
Paul,Clark
Jennifer,Lewis
Andrew,White
James,King
Charles,Davis
Jessica,Wright
Michael,Thompson
Nancy,Wilson
Richard,Smith
Thomas,Allen
Betty,Brown
Charles,Lopez
Patricia,Robinson
Andrew,Rodriguez
Donna,Torres
Kimberly,Nguyen
Thomas,Gonzalez
Thomas,Clark
Elizabeth,Smith
Matthew,Wilson
Nancy,Flores
Lisa,Allen
William,Flores
Sandra,Allen
Richard,Moore
Charles,White
Ashley,Walker
Sarah,Lopez
John,Young
Lisa,Rodriguez
David,Taylor
Emily,King
Nancy,Robinson
David,Young
Kimberly,Gonzalez
Richard,Scott
James,Martinez
Ashley,Gonzalez
Kimberly,Hernandez
Margaret,Lewis
Michael,Hill
Mark,Harris
John,Smith
Patricia,Nguyen
Karen,Hernandez
John,Lee
Ashley,Robinson
Paul,Scott
Lisa,Rodriguez
Betty,Martinez
Nancy,King
Michael,Robinson
Thomas,Hernandez
Mary,Taylor
Linda,Davis
Mary,Clark
Nancy,Sanchez
Sandra,Perez
Michelle,Sanchez
Christopher,Torres
Charles,Gonzalez
Andrew,Davis
Patricia,Martinez
Mark,Johnson
Michael,Hernandez
Mary,Taylor
Charles,Williams
Elizabeth,Gonzalez
Thomas,Rodriguez
David,King
Nancy,White
Mark,White
Charles,Jackson
Steven,Torres
Robert,Rodriguez
Donna,Garcia
Richard,Walker
Anthony,Hernandez
Thomas,Lee
Susan,Ramirez
John,Lee
Ashley,Wright
Nancy,Robinson
Ashley,Perez
Donald,Thomas
Robert,Wilson
Joseph,Thompson
David,Nguyen
Susan,King
Steven,Martin
Daniel,Moore
Michael,Lewis
Jennifer,Perez
Barbara,Nguyen
Jennifer,Ramirez
Matthew,Brown
Kimberly,Ramirez
Lisa,Walker
Elizabeth,Lee
Daniel,Scott
Margaret,Thompson
Sarah,Perez
Patricia,Gonzalez
Robert,Rodriguez
Joshua,Davis
Jennifer,Davis
Matthew,Thomas
Nancy,Hernandez
Christopher,Young
Barbara,Allen
Michelle,Wilson
Margaret,Gonzalez
Donna,Anderson
Betty,Davis
Sarah,Wilson
Jennifer,White
Charles,Young
James,Garcia
Patricia,Hernandez
Donald,Jackson
Christopher,Miller
Michelle,Nguyen
Paul,Lewis
Karen,Anderson
Thomas,Gonzalez
Richard,Scott
Michelle,Wright
John,Jones
Steven,Perez
John,Allen
Charles,Anderson
Joshua,Scott
Margaret,Walker
Ashley,Lee
Charles,Robinson
Sandra,Brown
Robert,Moore
Matthew,Wright
Richard,Flores
William,White
Anthony,Wilson
Karen,Sanchez
Donald,Hill
Charles,Smith
Michael,Smith
William,Wright
Donald,Lee
Lisa,King
David,Jones
Sandra,Wright
Jessica,Taylor
Susan,Harris
Paul,Jackson
James,Nguyen
Matthew,Young
Matthew,Johnson
Richard,Harris
Margaret,Rodriguez
Emily,Harris
Linda,Miller
Anthony,Williams
Charles,Brown
Kimberly,Taylor
Joshua,Ramirez
Daniel,Martinez
Linda,Gonzalez
James,Scott
Christopher,Moore
Joshua,Ramirez
Linda,Wright
Barbara,Moore
Anthony,White
Donald,Nguyen
Mark,Thompson
Mark,Wilson
Lisa,Jones
Karen,Brown
James,Lopez
John,Allen
Joshua,Davis
James,Lopez
Elizabeth,Wright
Nancy,Martinez
Christopher,Nguyen
Linda,Thomas
James,Jackson
Margaret,Williams
Karen,King
Ashley,Sanchez
Matthew,Jackson
Matthew,Davis
Donna,Davis
Jennifer,Scott
Michael,Flores
Lisa,Johnson
Mary,Flores
Kimberly,Robinson
Elizabeth,Torres
Sarah,Davis
Joseph,Garcia
Matthew,Garcia
Joshua,Harris
Joseph,Harris
Emily,Sanchez
James,Williams
Thomas,Davis
James,Wilson
Barbara,Jackson
Michelle,Thomas
Patricia,Johnson
David,Rodriguez
Robert,Ramirez
William,Taylor
Donna,Martinez
Elizabeth,Miller
David,King
Mary,Scott
Karen,Wright
Barbara,Taylor
Kimberly,Nguyen
James,Martin
Robert,Perez
John,Lewis
William,White
Kimberly,Rodriguez
Christopher,Perez
Barbara,Nguyen
Emily,Torres
Christopher,Torres
Sarah,Thompson
Emily,Ramirez
Barbara,Thompson
Robert,Allen
Elizabeth,White
Jessica,Perez
Thomas,Lee
Lisa,Brown
Ashley,Ramirez
Joseph,White
William,Torres
Paul,Hernandez
Emily,Wilson
Emily,Williams
Ashley,Smith
Kimberly,Williams
Joseph,Flores
Thomas,Robinson
Michael,Johnson
Michelle,Brown
Joshua,Smith
John,Taylor
Paul,Anderson
Ashley,Sanchez
Thomas,Miller
Michael,Walker
Linda,Young
Kimberly,Moore
Linda,Sanchez
James,Miller
Matthew,Moore
Emily,Johnson
Elizabeth,Clark
Thomas,Hernandez
Richard,Moore
Donna,Clark
Christopher,King
William,Smith
Michael,Nguyen
Matthew,Martin
Steven,Perez
Andrew,Davis
John,Flores
Jennifer,Jackson
John,Thompson
Michael,Wilson
Daniel,King
Nancy,Allen
Kimberly,Lopez
Charles,Rodriguez
David,Johnson
James,Anderson
Thomas,Thomas
Patricia,Johnson
Nancy,Martinez
Linda,Anderson
Linda,Rodriguez
Daniel,Gonzalez
Donald,Lee
Anthony,Davis
Donald,Martinez
Paul,White
Mary,Allen
Joshua,Wilson
Paul,Gonzalez
Sandra,Wright
Linda,Allen
Michael,White
William,Scott
Robert,Lopez
Daniel,Perez
Joseph,Scott
Joseph,Rodriguez
John,Nguyen
Joseph,Sanchez
Daniel,Lewis
Nancy,Ramirez
Ashley,Jackson
Charles,Flores
Barbara,Thompson
Barbara,Brown
Christopher,Brown
Daniel,Martinez
Susan,Wilson
Emily,Ramirez
Sandra,Moore
Jennifer,Davis
Donald,Hill
Margaret,Lopez
Jennifer,Hernandez
Joseph,Flores
Richard,Allen
Charles,Hill
Joseph,Anderson
Betty,Walker
Michelle,Clark
Susan,Garcia
Elizabeth,Robinson
Anthony,Ramirez
Andrew,Brown
Barbara,Johnson
Steven,White
Lisa,Lopez
William,Ramirez
Emily,Rodriguez
Robert,Perez
Linda,Sanchez
Mary,Jackson
Donald,Harris
Mary,Allen
John,Moore
James,Clark
Thomas,Clark
David,Jackson
Anthony,Johnson
Matthew,Brown
Donna,Garcia
Paul,Johnson
Donald,Thompson
Jennifer,Brown
Daniel,Smith
Andrew,Smith
Sandra,Martin
Thomas,Miller
Jessica,Scott
Patricia,Robinson
Robert,Perez
Christopher,White
Thomas,Lee
Sandra,Jackson
Linda,Jones
Christopher,Torres
Susan,Anderson
David,Brown
Daniel,Thompson
Barbara,Walker
Michelle,Sanchez
Michael,Davis
Michael,Hernandez
Andrew,Gonzalez
Lisa,Robinson
Paul,Anderson
Donald,King
Ashley,Lee
Michael,Young
Lisa,Hernandez
Jessica,Hill
Jennifer,Robinson
Jessica,Scott
Sarah,Williams
Barbara,Williams
David,Harris
Sarah,Jackson
Paul,Smith
John,Sanchez
Michael,Smith
Barbara,Williams
Karen,Robinson
Karen,King
Matthew,Young
Joshua,Rodriguez
James,Lee
Lisa,Martinez
Jennifer,Brown
Linda,Walker
Emily,Lee
Andrew,Jackson
Ashley,Taylor
Elizabeth,Martinez
Patricia,Davis
Mark,Thomas
Daniel,Torres
Sandra,Anderson
Mary,Martinez
Patricia,Miller
Ashley,Rodriguez
Karen,Clark
Mary,Jackson
Kimberly,Thompson
Joseph,Ramirez
Susan,Hill
Michael,Jackson
Charles,Scott
Linda,Martin
William,Gonzalez
Mary,Sanchez
Donna,Torres
James,Lopez
Sandra,Torres
John,Young
Michelle,Smith
Kimberly,Gonzalez
Robert,Clark
Christopher,Rodriguez
Michael,Clark
Linda,White
Kimberly,Wilson
Patricia,Clark
John,Garcia
Patricia,Nguyen
Matthew,Jones
Betty,Smith
Sarah,Walker
Linda,Davis
Steven,Robinson
Michelle,Ramirez
Donna,Jackson
Charles,Martinez
Matthew,Torres
Michelle,White
Thomas,Ramirez
Michael,Martinez
David,Garcia
Daniel,Davis
Barbara,White
Karen,Robinson
Charles,White
Barbara,Jackson
Margaret,Lee
Kimberly,Nguyen
Sarah,Hernandez
James,Perez
Mary,Sanchez
Elizabeth,Nguyen
Mark,Allen
Lisa,Garcia
Ashley,Walker
Emily,Harris
Paul,Gonzalez
Donald,Wilson
Robert,Hernandez
Donna,Sanchez
Paul,Robinson
Karen,Anderson
Betty,Hill
Donna,Nguyen
James,White
Betty,Young
Susan,Thompson
Donna,Jackson
Susan,Scott
David,Martin
David,Lee
William,Hill
Sarah,Scott
John,Miller
Thomas,White
Christopher,Perez
Jessica,Young
Joshua,Anderson
Jennifer,Hill
Barbara,Torres
Barbara,Williams
Kimberly,Harris
David,Nguyen
Patricia,Martinez
Paul,Brown
Michelle,Smith
John,Moore
Nancy,Robinson
Mark,Johnson
Patricia,Lewis
Joshua,Ramirez
Sarah,Anderson
Margaret,Jackson
Patricia,Wilson
Christopher,Hernandez
Joseph,Wright
Mark,Moore
